concept_id,source,en,de,tr,aliases_en,aliases_de,tree
RID10365,radlex,catheter angiography,Katheterangiographie,,DSA,,A00.radlex
RID10367,radlex,interventional radiology procedure,Interventionell-radiologische Prozedur,,Ir|interventional radiology,,A00.radlex
RID10373,radlex,arthrography,Arthrographie,,arthro,,A00.radlex
RID10374,radlex,diffusion,Diffusion,,,,A00.radlex
RID10376,radlex,perfusion imaging,Perfusionsbildgebung,,,,A00.radlex
RID10379,radlex,venography,Venographie,,veno,,A00.radlex
RID10395,radlex,marking for intervention,Markierung für Intervention,,,,A00.radlex
RID10397,radlex,ablation,Ablation,,ablat|ablate,,A00.radlex
RID10398,radlex,aspiration of bodily substance,Gewebeaspiration,,aspiration of tissue or fluid|centesis|tissue or fluid aspiration,Aspiration,A00.radlex
RID10399,radlex,dilation of structure,Dilatation einer Struktur,,,,A00.radlex
RID10401,radlex,atherectomy,Atherektomie,,,,A00.radlex
RID10402,radlex,stent placement,Stentplatzierung,,,,A00.radlex
RID10403,radlex,thrombolysis,Thrombolyse,,,,A00.radlex
RID10404,radlex,embolization,Embolisation,,embolize,,A00.radlex
RID10405,radlex,temporary occlusion,temporärer Verschluss,,,,A00.radlex
RID10406,radlex,infusion,Infusion,,,,A00.radlex
RID10407,radlex,repair,Wiederherstellung,,,,A00.radlex
RID10408,radlex,object retrieval,Bergung,,retrieval,,A00.radlex
RID10412,radlex,thrombectomy,Thrombektomie,,clot removal,,A00.radlex
RID10415,radlex,device removal,Materialentfernung,,,,A00.radlex
RID10416,radlex,shunt creation,Shuntanlage,,,,A00.radlex
RID10417,radlex,drainage,Drainage,,,,A00.radlex
RID10419,radlex,brachytherapy,Brachytherapie,,,,A00.radlex
RID11030,radlex,balloon dilation procedure,Ballondilatation,,balloon dilatation procedure,,A00.radlex
RID11031,radlex,angioplasty,Angioplastie,,,,A00.radlex
RID11032,radlex,tract dilation,Dilatation einer Strecke,,track dilatation,,A00.radlex
RID11034,radlex,cholangioplasty,Cholangioplastie,,biliary dilatation,,A00.radlex
RID11036,radlex,urinary tract dilatation,Harnwegsdilatation,,,,A00.radlex
RID11037,radlex,sequential dilation of a structure,sequentielle Dilatation einer Struktur,,,,A00.radlex
RID11043,radlex,balloon deployment,Balloneinsatz,,,,A00.radlex
RID11044,radlex,monorail deployment,Monorail-Einsatz,,,,A00.radlex
RID11045,radlex,over-the-wire deployment,over-the-wire Einsatz,,,,A00.radlex
RID11161,radlex,intravenous bolus,intravenöser Bolus,,,,A00.radlex
RID11162,radlex,intravenous drip,intravenös Infusion,,,,A00.radlex
RID11204,radlex,transcutaneous needle puncture,transkutane Nadelpunktion,,,,A00.radlex
RID11515,radlex,progressive disease,progressive Erkrankung,,,,A00.radlex
RID11517,radlex,index tumor,Indextumor,,,,A00.radlex
RID11518,radlex,same organ disease progression,dasselbe Organ,,,,A00.radlex
RID11519,radlex,different organ disease progression,Kranheitsprogress in einem anderen Organ,,,,A00.radlex
RID11520,radlex,local tumor progression,lokaler Tumorprogress,,,,A00.radlex
RID12814,radlex,drip infusion,Tropfeninfusion,,,,A00.radlex
RID12815,radlex,bolus infusion,Bolusinfusion,,,,A00.radlex
RID12816,radlex,IV push infusion,iv Druckinfusion,,,,A00.radlex
RID12925,radlex,basket retrieval,Körbchenbergung,,,,A00.radlex
RID12926,radlex,forceps retrieval,Zangenbergung,,,,A00.radlex
RID12927,radlex,snare retrieval,Schlingenbergung,,,,A00.radlex
RID12933,radlex,fine-needle aspiration,Feinnadelaspiration,,fine needle aspiration|fine needle aspiration biopsy,,A00.radlex
RID12952,radlex,proximal embolization,proximale Embolistation,,,,A00.radlex
RID12953,radlex,distal embolization,distale Embolisation,,,,A00.radlex
RID13027,radlex,clot disruption,Gerinnselzersetzung,,,,A00.radlex
RID13060,radlex,imaging procedure,Bildgebungsverfahren,,imaging service request|radiology orderable,,A00.radlex
RID1559,radlex,procedure,Prozedur,,,,A00.radlex
RID1560,radlex,surgical procedure,Chirurgische Prozedur,,surgery,,A00.radlex
RID1561,radlex,cardiovascular surgery,Herz- und Gefäßchirurgie,,,,A00.radlex
RID1562,radlex,cardiac transplantation,Herztransplantation,,,,A00.radlex
RID1563,radlex,pediatric cardiac surgery,Pädiatrische Herzoperation,,,,A00.radlex
RID1564,radlex,palliative pediatric cardiac surgery,Palliative pädiatrische Herzoperation,,,,A00.radlex
RID1565,radlex,Glenn shunt,Glenn-Anastomose,,,,A00.radlex
RID1566,radlex,Blalock-Taussig shunt,Blalock-Taussig-Anastomose,,,,A00.radlex
RID1567,radlex,Waterston shunt,Waterston-Anastomose,,,,A00.radlex
RID1568,radlex,pediatric cardiac operative repair,pädiatrische Herzoperation,,,,A00.radlex
RID1569,radlex,Norwood procedure,Norwood Verfahren,,,,A00.radlex
RID1570,radlex,arterial switch,Arterieller Switch,,,,A00.radlex
RID1571,radlex,Fontan procedure,Fontan Operation,,,,A00.radlex
RID1572,radlex,right-ventricle-to-pulmonary artery conduit,Verbindung zwischen rechtem Ventrikel und Pulmonalarterie,,,,A00.radlex
RID1573,radlex,ear surgery,Ohroperation,,,,A00.radlex
RID1574,radlex,placement of total ossicular replacement,Anlage eines totalen Gehörknöchelchenersatzes,,placement of TORP,,A00.radlex
RID1576,radlex,placement of partial ossicular replacement,Anlage eines partiellen Gehörknöchelchenersatzes,,placement of PORP,,A00.radlex
RID1578,radlex,placement of stapes prostheses,Steigbügelprothese,,,Stapesplastik,A00.radlex
RID1579,radlex,placement of tympanostomy tube,Anlage eines Paukendrainage-Röhrchen,,,,A00.radlex
RID1580,radlex,tympanoplasty,Tympanoplastie,,,,A00.radlex
RID1581,radlex,esophagus surgery,Ösophagusoperation,,,,A00.radlex
RID1582,radlex,Angelchik antireflux prosthesis,Angelchik Antireflux Prothese,,,,A00.radlex
RID1583,radlex,cricopharyngeal myotomy,Cricopharyngeale Myotomie,,,,A00.radlex
RID1584,radlex,colonic interposition,Koloninterponat,,,,A00.radlex
RID1585,radlex,diverticulectomy,Divertikulektomie,,,,A00.radlex
RID1586,radlex,endoscopic laser therapy,Endoskopische Lasertherapie,,,,A00.radlex
RID1587,radlex,esophageal bougienage,Ösophageale Bougierung,,,,A00.radlex
RID1588,radlex,esophageal dilatation,Ösophageale Dilatation,,,,A00.radlex
RID1589,radlex,esophageal intubation,Ösophageale Intubation,,,,A00.radlex
RID1590,radlex,esophageal replacement with gastric jejunal or colonic graft,"Ösophagusersatz mit Magen-, Dünndarm oder Darmtransplantat",,"esophageal replacement with gastric, jejunal, or colonic graft",,A00.radlex
RID1591,radlex,esophageal varices therapy,Ösophageale Varizentherapie,,,,A00.radlex
RID1592,radlex,balloon tamponade with Sengstaken-Blakemore tube,Ballon Tamponade mit Sengstaken-Blakemore Katheter,,,,A00.radlex
RID1593,radlex,endoscopic sclerotherapy,Endoskopische Sklerotherapie,,,,A00.radlex
RID1594,radlex,variceal banding,Varizen-Banding,,,,A00.radlex
RID1597,radlex,portal-systemic shunt surgery,Porto-systemische Shunttherapie,,,,A00.radlex
RID1598,radlex,esophageal devascularization procedures,Ösophageale Devaskularisierungsprozedur,,Sugiura procedure,,A00.radlex
RID1600,radlex,esophagectomy,Ösophagoektomie,,,,A00.radlex
RID1601,radlex,esophagogastrectomy,Ösophagogastrektomie,,,,A00.radlex
RID1602,radlex,gastroesophageal anastomosis,Gastro-ösophageale Anastomose,,esophago-gastric anastomosis|gastro-esophageal anastomosis,,A00.radlex
RID1604,radlex,Heller myotomy,Heller Myotomie,,cardiomyotomy,,A00.radlex
RID1606,radlex,intramuscular injection of botulinum toxin,Intramuskuläre Injektion von Botulinumtoxin,,,,A00.radlex
RID1607,radlex,laryngectomy,Laryngektomie,,,,A00.radlex
RID1608,radlex,stomach surgery,Magenoperation,,,,A00.radlex
RID1609,radlex,antrectomy,Antrektomie,,,,A00.radlex
RID1610,radlex,bariatric surgery,bariatrische Chirurgie,,,,A00.radlex
RID1611,radlex,adjustable gastric band,Adjustierbares Magenband,,,,A00.radlex
RID1612,radlex,horizontal gastroplasty,Horizontale Gastroplastie,,,,A00.radlex
RID1613,radlex,vertical-banded gastroplasty,Vertikale Band-Gastroplastik,,Mason gastroplasty,,A00.radlex
RID1615,radlex,gastric bypass,Magenbypass,,,,A00.radlex
RID1616,radlex,biliopancreatic bypass,Biliopankreatischer Bypass,,,,A00.radlex
RID1617,radlex,gastric banding,Magenband,,,,A00.radlex
RID1618,radlex,gastric bubble and balloon,Magenballon,,,,A00.radlex
RID1619,radlex,duodenal switch,Duodenalswitch,,,,A00.radlex
RID1620,radlex,Billroth I procedure,Billroth I Prozedur,,,,A00.radlex
RID1621,radlex,Billroth II procedure,Billroth II Prozedur,,,,A00.radlex
RID1622,radlex,Collis gastroplasty,Gastroplastie nach Collis,,,,A00.radlex
RID1623,radlex,cystogastrostomy,Zystogastrostomie,,,,A00.radlex
RID1624,radlex,pyloric exclusion,Pylorusexklusion,,,,A00.radlex
RID1625,radlex,gastric pouch,Magenpouch,,,,A00.radlex
RID1626,radlex,gastric pull-through,Magenhochzug,,,,A00.radlex
RID1627,radlex,gastric resection,Magenresektion,,gastrectomy,,A00.radlex
RID1629,radlex,gastric stump carcinoma,Magenstumpfkarzinom,,,,A00.radlex
RID1630,radlex,gastroduodenostomy,Gastroduodenostomie,,,,A00.radlex
RID1631,radlex,gastroenterostomy,Gastroenterostomie,,,,A00.radlex
RID1632,radlex,gastrojejunostomy,Gastrojejunostomie,,,,A00.radlex
RID1633,radlex,gastropexy,Gastropexie,,,,A00.radlex
RID1634,radlex,gastrostomy,Gastrostomie,,,,A00.radlex
RID1635,radlex,Nissen fundoplication,Fundoplicatio nach Nissen,,,,A00.radlex
RID1636,radlex,pyloroplasty,Pyloroplastik,,,,A00.radlex
RID1637,radlex,pyloromyotomy,Pyloromyotomie,,,,A00.radlex
RID1638,radlex,roux-en-Y gastric bypass with retrogastric/retrocolic anastomosis,Roux-Y-Magenbypass mit retrogastrisch-retrokolischer Anastomose,,,,A00.radlex
RID1639,radlex,vagotomy,Vagotomie,,,,A00.radlex
RID1640,radlex,liver surgery,Leberoperation,,,,A00.radlex
RID1641,radlex,hepatectomy,Hepatektomie,,,,A00.radlex
RID1642,radlex,hepatic lobectomy,hepatische Lobektomie,,,,A00.radlex
RID1643,radlex,hepatic segmentectomy,hepatische Segmentektomie,,,,A00.radlex
RID1644,radlex,hepatic subsegmentectomy,hepatische Subsegmentektomie,,,,A00.radlex
RID1645,radlex,hepatic trisegmentectomy,hepatische Trisegmentektomie,,,,A00.radlex
RID1646,radlex,hepatic wedge excision,hepatische Keilresektion,,,,A00.radlex
RID1647,radlex,chemoembolization,Chemoembolisation,,,,A00.radlex
RID1649,radlex,transplantation,Transplantation,,,,A00.radlex
RID1650,radlex,spleen surgery,Milzoperation,,,,A00.radlex
RID1651,radlex,segmental resection and repair,Segmentresektion und Wiederherstellung,,,,A00.radlex
RID1652,radlex,splenectomy,Splenektomie,,,,A00.radlex
RID1653,radlex,splenorrhaphy,Splenoraphie,,,,A00.radlex
RID1654,radlex,pancreas surgery,Pankreasoperation,,,,A00.radlex
RID1655,radlex,pancreatic transplantation,Pankreastransplantation,,,,A00.radlex
RID1656,radlex,pancreatic nucleation,Pankreasenukleation,,,,A00.radlex
RID1657,radlex,pancreaticoduodenectomy,Pankreatikoduodenotomie,,,,A00.radlex
RID1658,radlex,pancreatectomy,Pankreatektomie,,,,A00.radlex
RID1659,radlex,direct pancreatic ductal drainage,Direkte Pankreasgangdrainage,,Puestow procedure,,A00.radlex
RID1661,radlex,Pylorus-sparing Whipple procedure,Pylorus-erhaltende Whipple Operation,,,,A00.radlex
RID1662,radlex,tumor enucleation,Tumorenukleation,,,,A00.radlex
RID1663,radlex,Beger Procedure,Berger-Operation,,,,A00.radlex
RID1664,radlex,Frey procedure,Frey-Operation,,,,A00.radlex
RID1666,radlex,pancreatic sparing duodenectomy,Pankreas-erhaltende Duodenektomie,,,,A00.radlex
RID1667,radlex,cyst-gastrostomy,Zystgastostomie,,,,A00.radlex
RID1668,radlex,exocrine anastomotic leak,Exokrines Anastomosenleck,,,,A00.radlex
RID1669,radlex,gallbladder or bile duct surgery,Enteroenterische Anastomose,,,,A00.radlex
RID1670,radlex,cholecystectomy,Cholezystektomie,,,,A00.radlex
RID1671,radlex,cholecystostomy,Cholezystostomie,,,,A00.radlex
RID1672,radlex,dropped gallstones,verlorene Gallensteine,,,,A00.radlex
RID1673,radlex,extraction of biliary calculi,Extraktion von Gallengrieß,,,,A00.radlex
RID1674,radlex,sphincterotomy,Sphinkterotomie,,,,A00.radlex
RID1675,radlex,T tube placement,T Drainage Anlage,,,,A00.radlex
RID1676,radlex,bile-duct exploration,Gallengangsexploration,,,,A00.radlex
RID1677,radlex,biliary-enteric anastomosis,Biliäre-enterische Anastomose,,,,A00.radlex
RID1678,radlex,biliopancreatic diversion,Biliopankreatische Diversion,,,,A00.radlex
RID1679,radlex,biliopancreatic diversion with duodenal switch,Biliopankreatische Diversion mit Duodenalswitch,,,,A00.radlex
RID1680,radlex,biliary bypass procedure,Biliäre Bypass-Operation,,,,A00.radlex
RID1681,radlex,cholecystojejunostomy,Cholezystojejunostomie,,,,A00.radlex
RID1682,radlex,choledochocholedochostomy,Choledochocholedochostomie,,choledocho-choledochostomy,,A00.radlex
RID1683,radlex,choledochoduodenostomy,Choledochoduodenostomie,,choledocho-duodenostomy,,A00.radlex
RID1684,radlex,choledochojejunostomy,Choledochojejunostomie,,,,A00.radlex
RID1685,radlex,hepaticojejunostomy,Hepatikojejunostomie,,hepatico-jejunostomy,,A00.radlex
RID1686,radlex,small bowel surgery,Dünndarmoperation,,,,A00.radlex
RID1687,radlex,blind pouch,Blind endender Pouch,,,,A00.radlex
RID1688,radlex,blind loop,Blinde Schlinge,,,,A00.radlex
RID1689,radlex,enteroenteric anastomosis,Enteroenterische Anastomose,,,,A00.radlex
RID1690,radlex,enterectomy,Enterektomie,,,,A00.radlex
RID1691,radlex,Enterotomy,Enterotomie,,,,A00.radlex
RID1692,radlex,enterostomy,Enterostomie,,,,A00.radlex
RID1693,radlex,ileostomy,Ileostomie,,,,A00.radlex
RID1694,radlex,jejunostomy,Jejunostomie,,,,A00.radlex
RID1695,radlex,gastroileostomy,Gastroileostomie,,,,A00.radlex
RID1696,radlex,ileal reservoir,Ileumreservoir,,,,A00.radlex
RID1697,radlex,continent ileostomy reservoir,Kontinentes Ileostomie Reservoir,,,,A00.radlex
RID1698,radlex,Kock pouch,Kock-Pouch,,Koch pouch,,A00.radlex
RID1700,radlex,ileoanal pouch,Ileoanaler Pouch,,ileo-anal pouch,,A00.radlex
RID1701,radlex,J pouch,J-Pouch,,,,A00.radlex
RID1702,radlex,S pouch,S-Pouch,,,,A00.radlex
RID1703,radlex,side-to-side pouch,Seit-zu-Seit Pouch,,Fonkalsrud pouch,,A00.radlex
RID1705,radlex,jejunoileal bypass,Jejunoilealer Bypass,,jejuno-ileal bypass,,A00.radlex
RID1706,radlex,plication,Duplikatur,,,,A00.radlex
RID1707,radlex,small bowel transplantation,Dünndarmtransplantation,,,,A00.radlex
RID1708,radlex,stricturoplasty,Strikturoplastik,,,,A00.radlex
RID1709,radlex,cystojejunostomy,Zystojejunostomie,,,,A00.radlex
RID1710,radlex,colon surgery,Dickdarmoperation,,,,A00.radlex
RID1711,radlex,appendectomy,Appendektomie,,,,A00.radlex
RID1712,radlex,cecostomy,Zökostomie,,,,A00.radlex
RID1713,radlex,colonic resection,Kolonresektion,,,,A00.radlex
RID1714,radlex,segmental colonic resection,Kolonsegmentresektion,,,,A00.radlex
RID1715,radlex,anterior resection,Anteriore Resektion,,,,A00.radlex
RID1716,radlex,low anterior resection,Untere anteriore Resektion,,,,A00.radlex
RID1717,radlex,abdominoperineal resection,Abdominoperineale Resektion,,,,A00.radlex
RID1718,radlex,right hemicolectomy,Hemikolektomie rechts,,,,A00.radlex
RID1719,radlex,left hemicolectomy,Hemikolektomie links,,,,A00.radlex
RID1720,radlex,total colectomy,Totale Kolektomie,,,,A00.radlex
RID1721,radlex,total proctocolectomy,Totale Proktokolektomie,,,,A00.radlex
RID1722,radlex,subtotal colectomy,Subtotale Kolektomie,,,,A00.radlex
RID1723,radlex,colostomy,Kolostomie,,,,A00.radlex
RID1724,radlex,end colostomy,Endkolostomie,,,,A00.radlex
RID1725,radlex,loop colostomy,Loop-Kolostomie,,,,A00.radlex
RID1726,radlex,double-barreled colostomy,Doppelläufige Kolostomie,,,,A00.radlex
RID1727,radlex,end colostomy with a mucous fistula,Endständige Kolostomie mit Schleimfistel,,,,A00.radlex
RID1728,radlex,Hartmann pouch,Hartmann-Pouch,,Hartmann’s pouch,,A00.radlex
RID1729,radlex,bowel anastomosis,Darmanastomose,,,,A00.radlex
RID1730,radlex,ileoanal pull-through,Ileoanale Anastomose,,ileo-anal pull-through,,A00.radlex
RID1731,radlex,coloanal pull-through,Koloanale Anastomose,,,,A00.radlex
RID1732,radlex,ileocecectomy,Ileozökalektomie,,ileo-cecectomy,,A00.radlex
RID1733,radlex,ileosigmoid anastomosis,Ileosigmoidanastomose,,ileo-sigmoid anastomosis,,A00.radlex
RID1734,radlex,ileotransverse anastomosis,Ileotransversumanastomose,,ileo-transverse anastomosis,,A00.radlex
RID1735,radlex,coloanal anastomosis,Koloanale Anastomose,,colo-anal anastomosis,,A00.radlex
RID1736,radlex,mucous fistula,Schleimfistel,,,,A00.radlex
RID1737,radlex,polypectomy,Polypektomie,,,,A00.radlex
RID1738,radlex,uretero-sigmoid anastomosis,Ureterosigmoidanastomose,,,,A00.radlex
RID1739,radlex,omental or mesenteric surgery,große Netz- oder mesenteriale Operation,,,,A00.radlex
RID1740,radlex,omentectomy,Omentektomie,,,,A00.radlex
RID1741,radlex,abdominal wall surgery,Operation Bachwandhernie,,,,A00.radlex
RID1742,radlex,abdominoplasty,Abdominoplastie,,,,A00.radlex
RID1743,radlex,herniorrhaphy,Hernienraffung,,,,A00.radlex
RID1744,radlex,kidney surgery,Nierenoperation,,,,A00.radlex
RID1745,radlex,nephrectomy,Nephrektomie,,,,A00.radlex
RID1746,radlex,nephrostomy,Nephrostomie,,,,A00.radlex
RID1747,radlex,pyeloplasty,Pyeloplastik,,,,A00.radlex
RID1749,radlex,renal autotransplantation,Autologe Nierentransplantation,,,,A00.radlex
RID1750,radlex,percutaneous nephrostolithotomy,Perkutane Nephrostolithotomie,,"nephrostolithotomy, percutaneous",,A00.radlex
RID1751,radlex,nephroureterectomy,Nephroureterektomie,,,,A00.radlex
RID1752,radlex,nephropexy,Nephropexie,,,,A00.radlex
RID1753,radlex,nephrolitholapaxy,Nephrolitholapaxie,,,,A00.radlex
RID1754,radlex,cryoablation,Kryoablation,,,,A00.radlex
RID1755,radlex,adrenal surgery,Nebennierenoperation,,,,A00.radlex
RID1756,radlex,adrenalectomy,Adrenektomie,,,,A00.radlex
RID1757,radlex,ureter surgery,Ureteroperation,,,,A00.radlex
RID1758,radlex,ureterostomy,Ureterostomie,,,,A00.radlex
RID1759,radlex,ureterocalycostomy,Ureterokalikostomie,,,,A00.radlex
RID1760,radlex,transuretero ureterostomy,Transuretero-Ureterostomie,,trans-uretero ureterostomy,,A00.radlex
RID1761,radlex,ileal ureter construction,Ileale Ureterkonstruktion,,,,A00.radlex
RID1762,radlex,ureterectomy,Ureterektomie,,,,A00.radlex
RID1763,radlex,ureteroneocystostomy,Ureterozystostomie,,,,A00.radlex
RID1764,radlex,ureteral reimplantation,Ureterreimplantation,,ureteral re-implantation,,A00.radlex
RID1765,radlex,ureterolysis,Ureterolyse,,,,A00.radlex
RID1766,radlex,endopyelotomy,Endopyelotomie,,,,A00.radlex
RID1767,radlex,bladder surgery,Harnblasenoperation,,,,A00.radlex
RID1768,radlex,augmentation cystoplasty,Augmentative Harnblasenplastik,,,,A00.radlex
RID1769,radlex,partial cystectomy,Partielle Zystektomie,,,,A00.radlex
RID1770,radlex,cystoprostatectomy,Zystoprostatektomie,,,,A00.radlex
RID1771,radlex,cystectomy,Zystektomie,,,,A00.radlex
RID1772,radlex,Boari flap,Boari-flap,,,,A00.radlex
RID1773,radlex,psoas hitch,Psoas-hitch,,,,A00.radlex
RID1774,radlex,cystotomy,Zystostomie,,,,A00.radlex
RID1775,radlex,vesicostomy,Vesikostomie,,,,A00.radlex
RID1776,radlex,cystodiathermy of tumor,Diathermie bei Harnblasentumor,,,,A00.radlex
RID1777,radlex,urinary diversion,Harnableitung,,,,A00.radlex
RID1778,radlex,ileal conduit,Ileumconduit,,,,A00.radlex
RID1779,radlex,colon loop diversion,Colon-loop Ableitung,,,,A00.radlex
RID1780,radlex,Studer pouch,Neoblase nach Studer,,neobladder|orthotopic bladder,,A00.radlex
RID1783,radlex,Indiana pouch,Indiana-Pouch,,,,A00.radlex
RID1784,radlex,ureterosigmoidostomy,Ureterosigmoidostomie,,,,A00.radlex
RID1785,radlex,perineal urethrostomy,Perineale Urethrostomie,,,,A00.radlex
RID1786,radlex,urethral surgery,Harnröhrenoperation,,,,A00.radlex
RID1787,radlex,urethroplasty,Urethraplastik,,,,A00.radlex
RID1788,radlex,epispadias repair,Epispadiekorrektur,,,,A00.radlex
RID1789,radlex,hypospadias repair,Hypospadiekorrektur,,,,A00.radlex
RID1790,radlex,urethrectomy,Urethrektomie,,,,A00.radlex
RID1791,radlex,internal urethrotomy,Interne Urethrotomie,,,,A00.radlex
RID1792,radlex,urethrostomy,Urethrostomie,,,,A00.radlex
RID1793,radlex,prostate surgery,Prostataoperation,,,,A00.radlex
RID1794,radlex,prostatectomy,Prostatektomie,,,,A00.radlex
RID1795,radlex,androgen ablation therapy,Androgene Ablationstherapie,,,,A00.radlex
RID1796,radlex,cryosurgical ablation,Kryochirurgische Ablation,,,,A00.radlex
RID1797,radlex,prostatotomy,Prostatomie,,,,A00.radlex
RID1798,radlex,testis vas deferens or seminal vesicle surgery,"Hoden-, Samenleiter- oder Samenblasenoperation",,"testis, vas deferens, or seminal vesicle surgery",,A00.radlex
RID1799,radlex,orchiectomy,Orchiektomie,,,,A00.radlex
RID1800,radlex,testicular prosthesis,Hodenprothese,,,,A00.radlex
RID1801,radlex,orchiopexy,Orchiopexie,,,,A00.radlex
RID1802,radlex,orchioplasty,Hodenplastik,,,,A00.radlex
RID1803,radlex,orchiotomy,Orchiotomie,,,,A00.radlex
RID1804,radlex,varicocelectomy,Varikozelektomie,,,,A00.radlex
RID1805,radlex,vasectomy,Vasektomie,,,,A00.radlex
RID1806,radlex,transvesical seminal vesiculostomy,Transvesikale Vesikulektomie,,"seminal vesiculostomy, transvesical",,A00.radlex
RID1807,radlex,seminal vesiculectomy,Vesikulektomie,,,,A00.radlex
RID1808,radlex,lymph node surgery,Lymphknotenoperation,,,,A00.radlex
RID1809,radlex,lymph node dissection,Lymphknotendissektion,,,,A00.radlex
RID1810,radlex,lymphadenectomy,Lymphadenektomie,,,,A00.radlex
RID1811,radlex,ovaries or adnexal surgery,Ovar-oder Adnexoperation,,,,A00.radlex
RID1812,radlex,salpingo-oophorectomy,Salpingo-Oophorektomie,,,,A00.radlex
RID1813,radlex,ovarian autotransplantation,Autotransplantation des Ovars,,,,A00.radlex
RID1814,radlex,salpingoplasty,Salpingoplastik,,,,A00.radlex
RID1815,radlex,Fallopian tube recanalization,Eileiterrekanalisation,,,,A00.radlex
RID1816,radlex,uterus surgery,Uterusoperation,,,,A00.radlex
RID1817,radlex,uterine artery embolization,Embolisation Uterusarterie,,,,A00.radlex
RID1818,radlex,dilation and curettage,Dilatation und Kürettage,,D&C,,A00.radlex
RID1820,radlex,dilation and evacuation,Dilatation und Exkavation,,D&E,,A00.radlex
RID1822,radlex,myomectomy,Myomektomie,,,,A00.radlex
RID1823,radlex,Cesarean section,Kaiserschnitt,,C-section|cesarean-section,,A00.radlex
RID1825,radlex,abortion,Abort,,,,A00.radlex
RID1826,radlex,hysterectomy,Hysterektomie,,,,A00.radlex
RID1827,radlex,endometrectomy,Endometrektomie,,,,A00.radlex
RID1828,radlex,endometriomectomy,Endometriomektomie,,,,A00.radlex
RID1829,radlex,vaginal or labial surgery,Vagina- oder Schamlippenoperation,,,,A00.radlex
RID1830,radlex,vaginectomy,Vaginektomie,,,,A00.radlex
RID1831,radlex,vaginoplasty,Vaginaplastik,,,,A00.radlex
RID1832,radlex,episiotomy,Episiotomie,,,,A00.radlex
RID1833,radlex,labioplasty,Schamlippenplastik,,,,A00.radlex
RID1834,radlex,hymenoplasty,Hymenplastik,,hymenorraphy,,A00.radlex
RID1836,radlex,vaginal delivery,Vaginale Geburt,,,,A00.radlex
RID1837,radlex,orthopedic surgery,Orthopädische Operation,,,,A00.radlex
RID1838,radlex,fracture augmentation,Frakturerhöhung,,,,A00.radlex
RID1839,radlex,vertebroplasty,Vertebroplastie,,vertebro|vplasty,,A00.radlex
RID1840,radlex,kyphoplasty,Kyphoplastie,,balloon kyphoplasty,,A00.radlex
RID1841,radlex,fracture fixation,Frakturfixation,,,,A00.radlex
RID1842,radlex,osteotomy,Osteostomie,,,,A00.radlex
RID1843,radlex,joint reconstruction,Gelenkrekonstruktion,,,,A00.radlex
RID1844,radlex,arthrodesis,Arthrodese,,,,A00.radlex
RID1845,radlex,arthroplasty,Arthroplastie,,,,A00.radlex
RID1846,radlex,unicompartmental arthroplasty,Ein-Kompartiment Arthroplastie,,,,A00.radlex
RID1847,radlex,hemiarthroplasty,Hemiarthroplastie,,,,A00.radlex
RID1848,radlex,bone grafting,Knochentransplantat,,,,A00.radlex
RID1849,radlex,radiofrequency ablation,Radiofrequenzablation,,,,A00.radlex
RID28501,radlex,broncholith,Broncholith,,,,A00.radlex
RID28503,radlex,bullous emphysema,bullöses Lungenemphysem,,,,A00.radlex
RID28504,radlex,centrilobular emphysema,zentrilobuläres Lungenemphysem,,,,A00.radlex
RID28507,radlex,mycetoma,Myzetom,,fungus ball,,A00.radlex
RID28508,radlex,chronic fibrosing interstitial pneumonia,chronische fibrosierende interstitielle Pneumonie,,,,A00.radlex
RID28510,radlex,interlobular septal thickening,verdickte interlobuläre Septen,,,,A00.radlex
RID28511,radlex,interstitial emphysema,interstitielles Lungenemphysem,,,,A00.radlex
RID28513,radlex,linear atelectasis,lineare Atelektase,,discoid atelectasis|platelike atelectasis,,A00.radlex
RID28515,radlex,lymphoid interstitial pneumonia,lymphozytäre interstitielle Pneumonie,,,lymphoide interstitielle Pneumonie,A00.radlex
RID28518,radlex,organizing pneumonia,organisierende Pneumonie,,,,A00.radlex
RID28519,radlex,panacinar emphysema,panlobuläres Lungenemphysem,,,panazinäres Lungenemphysem,A00.radlex
RID28520,radlex,paraseptal emphysema,paraseptales Lungenemphysem,,,,A00.radlex
RID28525,radlex,tension pneumothorax,Spannungspneumothorax,,,,A00.radlex
RID28528,radlex,traction bronchiectasis,Traktionsbronchiektase,,,,A00.radlex
RID28529,radlex,traction bronchiolectasis,Traktionsbronchiolektase,,,,A00.radlex
RID28537,radlex,air trapping,dynamische Lungenüberblähung,,gas trapping,air trapping,A00.radlex
RID28549,radlex,enterography,Enterographie,,entero,,A00.radlex
RID28550,radlex,portography,Portographie,,porto,,A00.radlex
RID28706,radlex,densitometry,Densitometrie,,densito,,A00.radlex
RID28707,radlex,device placement procedure,Materialplatzierung,,device placement|place,,A00.radlex
RID28708,radlex,localization,Lokalisation,,localiz,,A00.radlex
RID28768,radlex,imaging without IV contrast,Bildgebung ohne intravenös verabreichtes Kontrastmittel,,,,A00.radlex
RID28769,radlex,imaging with IV contrast,Bildgebung mit intravenös verabreichtem Kontrastmittel,,,,A00.radlex
RID28771,radlex,imaging without then with IV contrast,Bildgebung ohne und anschließend mit intravenös verabreichtem Kontrastmittel,,,,A00.radlex
RID28792,radlex,anosmia,Anosmie,,,,A00.radlex
RID28795,radlex,congenital malformation,angeborene Fehlbildung,,cong malf,,A00.radlex
RID28796,radlex,constrictive pericarditis,konstriktive Perikarditis,,constrict|constrictive disease,,A00.radlex
RID28800,radlex,lupus,Lupus,,,,A00.radlex
RID28802,radlex,myelopathy,Myelopathie,,,,A00.radlex
RID28803,radlex,pain,Schmerz,,,,A00.radlex
RID28805,radlex,radiculopathy,Radikulopathie,,radiculo,,A00.radlex
RID28806,radlex,seizure,Krampfanfall,,,,A00.radlex
RID28810,radlex,determine device status,den Gerätestatus bestimmen,,dev status|device status,,A00.radlex
RID28816,radlex,quality control,Qualitätskontrolle,,qc,,A00.radlex
RID28817,radlex,screening,Screening,,screen,,A00.radlex
RID28818,radlex,screening with implant,Screening mit Implantat,,screen w implnt,,A00.radlex
RID28819,radlex,skeletal survey,Skelettszintigraphie,,bone survey,,A00.radlex
RID28820,radlex,ventriculostomy,Ventrikulostomie,,,,A00.radlex
RID28828,radlex,joint survey,Gelenkröntgen,,,,A00.radlex
RID28836,radlex,idiopathic pulmonary fibrosis,idiopathische Lungenfibrose,,,,A00.radlex
RID28837,radlex,intralobular lines,intralobuläre Linien,,,,A00.radlex
RID29041,radlex,disease progression,Krankheitsprogression,,,,A00.radlex
RID29083,radlex,Mauclaire disease,Mauclaire-Krankheit,,,,A00.radlex
RID29115,radlex,neuropathy,Neuropathie,,,,A00.radlex
RID29138,radlex,mallet finger,Mallet-Finger,,baseball finger,,A00.radlex
RID3233,radlex,cardiovascular disorder,Kardiovaskuläre Erkrankung,,,,A00.radlex
RID3235,radlex,ischemic heart disease,Ischämische Herzerkrankung,,,,A00.radlex
RID3236,radlex,myocardial infarction,Myokardinfarkt,,,,A00.radlex
RID3237,radlex,resting ischemia,Ruhe-Ischämie,,,,A00.radlex
RID3238,radlex,hibernating heart,Hybernating Myokardium,,myocardial hibernation,,A00.radlex
RID3240,radlex,stunned myocardium,Stunned Myokardium,,,,A00.radlex
RID3241,radlex,inducible ischemia,Induzierbare Ischämie,,,,A00.radlex
RID3242,radlex,microvascular ischemia,Mikrovaskuläre Ischämie,,,,A00.radlex
RID3243,radlex,cardiomyopathy,Kardiomyopathie,,cardmyop,,A00.radlex
RID3244,radlex,dilated cardiomyopathy,Dilatative Kardiomyopathie,,,,A00.radlex
RID3245,radlex,arrhythmogenic right ventricular cardiomyopathy,Arrhythmogene rechtsventrikuläre Kardiomyopathie,,ARVC|ARVD|arrhythmogenic right ventricular dysplasia,,A00.radlex
RID3249,radlex,high-output syndrome,High-output Syndrom,,,,A00.radlex
RID3250,radlex,ischemic cardiomyopathy,Ischämische Kardiomyopathie,,,,A00.radlex
RID3251,radlex,hypertrophic cardiomyopathy,Hypertrophe Kardiomyopathie,,,,A00.radlex
RID3252,radlex,hypertrophic obstructive cardiomyopathy,Hypertrophe obstruktive Kardiomyopathie,,HOCM,,A00.radlex
RID3254,radlex,hypertrophic nonobstructive cardiomyopathy,Hypertrophe nicht-obstruktive Kardiomyopathie,,hypertrophic non-obstructive cardiomyopathy,,A00.radlex
RID3255,radlex,restrictive cardiomyopathy,Restriktive Kardiomyopathie,,,,A00.radlex
RID3256,radlex,endomyocardial fibrosis,Endomyokardfibrose,,,,A00.radlex
RID3257,radlex,Loeffler endocarditis,Löffler Endokarditis,,Loffler endocarditis,,A00.radlex
RID3259,radlex,carcinoid heart disease,Karzinoide Herzerkrankung,,,,A00.radlex
RID3261,radlex,bicuspid heart valve,Bikuspidale Herzklappe,,,,A00.radlex
RID3263,radlex,systolic doming,systolisches Doming,,,,A00.radlex
RID3264,radlex,flail leaflet,flottierendes Mitralsegel („Flail-Leaflet“) als Zeichen einer Mitralklappeninsuffizienz,,,,A00.radlex
RID3267,radlex,relapsing leaflet,zurückgewölbtes Mitralsegel bei Mitralklappeninsuffizienz,,,,A00.radlex
RID3271,radlex,pseudoxanthoma elasticum,Pseudoxanthoma elasticum,,Gronblad–Strandberg syndrome|Grönblad–Strandberg syndrome,,A00.radlex
RID3273,radlex,carcinoid valvulopathy,Karzinoide Herzklappenerkrankung,,,,A00.radlex
RID3275,radlex,ostium secundum atrial septal defect,Ostium-secundum Vorhofseptumdefekt,,,,A00.radlex
RID3279,radlex,post-myocardial infarction septal defect,Post-Myokardinfarkt Septumdefekt,,,,A00.radlex
RID3280,radlex,pericardial disease,Perikarderkrankung,,,,A00.radlex
RID3281,radlex,pericardial constriction,Perikardkonstriktion,,,,A00.radlex
RID3282,radlex,cor pulmonale,Cor pulmonale,,,,A00.radlex
RID3283,radlex,cardiac tamponade,Herzbeuteltamponade,,,,A00.radlex
RID3284,radlex,vascular disorder,Gefäßerkrankung,,,,A00.radlex
RID3288,radlex,fatty streak,Fatty-streak,,,,A00.radlex
RID3289,radlex,diffuse intimal thickening,Diffuse Intimaverdickung,,,,A00.radlex
RID3290,radlex,atherosclerotic plaque,Atherosklerotischer Plaque,,atheroma|atheromatous plaque,,A00.radlex
RID3291,radlex,fibrous plaque,Fibröser Plaque,,,,A00.radlex
RID3292,radlex,medial calcinosis,Medialkalzinose Mönckeberg,,Monckeberg sclerosis|medial sclerosis,,A00.radlex
RID3295,radlex,Binswanger disease,Morbus Binswanger,,subcortical arteriosclerotic encephalopathy,,A00.radlex
RID3297,radlex,post-myocardial infarction syndrome,Post-Myokardinfarkt Syndrom,,Dressler syndrome,,A00.radlex
RID3300,radlex,precapillary pulmonary hypertension,Präkapilläre pulmonale Hypertonie,,,,A00.radlex
RID3301,radlex,postcapillary pulmonary hypertension,Postkapilläre Pulmonale Hypertonie,,,,A00.radlex
RID3302,radlex,peripheral vascular disease,Periphere Gefäßerkrankung,,,,A00.radlex
RID3303,radlex,vascular entrapment syndrome,Vaskuläres Entrapment-Syndrom,,,,A00.radlex
RID3304,radlex,thoracic outlet syndrome,Thoracic Outlet Syndrom,,,,A00.radlex
RID3305,radlex,arcuate ligament syndrome,Ligamentum arcuatum Syndrom,,,,A00.radlex
RID3307,radlex,May-Thurner syndrome,May-Thurner Syndrom,,,,A00.radlex
RID3308,radlex,adductor canal syndrome,Adduktorenkanal Syndrom,,,,A00.radlex
RID3312,radlex,amyloid angiopathy,Amyloidangiopathie,,,,A00.radlex
RID3313,radlex,renal hypertension,Renale Hypertension,,,,A00.radlex
RID3314,radlex,renal parenchymal hypertension,Renoparenchymatöse Hypertension,,,,A00.radlex
RID3315,radlex,renovascular hypertension,Renovaskuläre Hypertension,,,,A00.radlex
RID3316,radlex,veno-occlusive disease,Venookklusive Erkrankung,,,,A00.radlex
RID3319,radlex,arterial dissection,Arteriendissektion,,,,A00.radlex
RID3322,radlex,saccular aneurysm,Sackförmiges Aneurysma,,,,A00.radlex
RID3323,radlex,berry aneurysm,Beerenförmiges Aneurysma,,berry-type aneurysm,,A00.radlex
RID3326,radlex,ruptured aneurysm,Rupturiertes Aneurysma,,,,A00.radlex
RID3327,radlex,lymphangiectasia,Lymphangioektasie,,,,A00.radlex
RID3328,radlex,mycotic aneurysm,Mykotisches Aneurysma,,,,A00.radlex
RID3329,radlex,fusiform aneurysm,Fusiformes Aneurysma,,,,A00.radlex
RID3330,radlex,intimal flap,Intimaflap,,,,A00.radlex
RID3332,radlex,vascular malformation,Vaskuläre Malformation,,,,A00.radlex
RID3333,radlex,high-flow vascular malformation,High-flow vaskuläre Malformation,,,,A00.radlex
RID3336,radlex,low-flow vascular malformation,Low-flow vaskuläre Malformation,,,,A00.radlex
RID3341,radlex,lymphatic malformation,Lymphatische Malformation,,,,A00.radlex
RID3344,radlex,lymphatic-venous malformation,lymphovenöse Malformation,,LVM,,A00.radlex
RID3346,radlex,capillary malformation,Kapilläre Malformation,,port-wine stain,,A00.radlex
RID3348,radlex,telangiectasia,Teleangiektasie,,,,A00.radlex
RID3349,radlex,vascular disorder of spinal cord,Vaskuläre Erkrankung des Rückenmarkes,,,,A00.radlex
RID3350,radlex,Type I spinal-dural AV fistula,Spinale Durale AV Fistel Typ I,,Foix-Alajoinine|spinal-dural AV fistula|subacute necrotizing myelopathy,,A00.radlex
RID3354,radlex,Type II vascular malformation of spinal cord,Vaskuläre Malformation des Rückenmarkes Typ II,,glomus type vascular malformation of spinal cord,,A00.radlex
RID3356,radlex,Type III vascular malformation of spinal cord,Vaskuläre Malformation des Rückenmarkes Typ III,,juvenile type vascular malformation of spinal cord,,A00.radlex
RID3358,radlex,Type IV fistula,Fistel Typ IV,,perimedullary fistula,,A00.radlex
RID3360,radlex,CADASIL,CADASIL,,cerebral autosomal dominant arteriopathy with infarcts and leukoencephalopathy,,A00.radlex
RID3362,radlex,retrolental fibroplasia,Retrolentale Fibroplasie,,ROP|retinopathy of prematurity,,A00.radlex
RID3365,radlex,Terson syndrome,Terson Syndrom,,,,A00.radlex
RID3370,radlex,angiodysplasia,Angiodysplasie,,,,A00.radlex
RID3371,radlex,arterioportal or arteriovenous shunt,Arterioportaler oder Arteriovenöser Shunt,,,,A00.radlex
RID3375,radlex,collateral,Kollaterale,,,,A00.radlex
RID3379,radlex,vasoconstriction,Vasokonstriktion,,,,A00.radlex
RID3380,radlex,vasospasm,Vasospasmus,,,,A00.radlex
RID3381,radlex,infectious or inflammatory disease,Infektiöse oder entzündliche Erkrankung,,,,A00.radlex
RID3386,radlex,primary sclerosing cholangitis,Primär sklerosierende Cholangitis,,,,A00.radlex
RID3387,radlex,obstructive cholangitis,Obstruktive Cholangitis,,,,A00.radlex
RID3388,radlex,ascending cholangitis,Aufsteigende Cholangitis,,,,A00.radlex
RID3389,radlex,recurrent pyogenic cholangitis,Rezidivierende eitrige Cholangitis,,oriental cholangiohepatitis|oriental cholangitis,,A00.radlex
RID3392,radlex,AIDS cholangitis,AIDS-assoziierte Cholangitis,,,,A00.radlex
RID3393,radlex,eosinophilic cholangitis,Eosinophile Cholangitis,,,,A00.radlex
RID3396,radlex,emphysematous cholecystitis,Emphysematöse Cholezystitis,,,,A00.radlex
RID3397,radlex,gangrenous cholecystitis,Gangränöse Cholezystitis,,,,A00.radlex
RID3398,radlex,cholesterol granuloma,Cholesterolgranulom,,,,A00.radlex
RID3404,radlex,membranous cyclitis,Membranöse Zyklitis,,,,A00.radlex
RID3409,radlex,diverticulitis,Divertikulitis,,,,A00.radlex
RID3413,radlex,rhombencephalitis,Rhombenzephalitis,,,,A00.radlex
RID3415,radlex,acute disseminated encephalomyelitis,Akute disseminierte Enzephalomyelitis,,ADEM,,A00.radlex
RID3419,radlex,backwash ileitis,Backwash-Ileitis,,reflux ileitis,,A00.radlex
RID3421,radlex,colitis,Kolitis,,,,A00.radlex
RID3422,radlex,neutropenic enterocolitis,Neutropenische Enterokolitis,,typhlitis,,A00.radlex
RID3424,radlex,clostridium difficile colitis,Clostridium difficile Kolitis,,C. difficile colitis,,A00.radlex
RID34250,radlex,lucent-centered calcification,Verkalkung mit röntgendichtem Zentrum,,,Eierschalen-Verkalkungen|Verkalkungen mit strahlentransparentem Zentrum,A00.radlex
RID3426,radlex,diversion colitis,Diversionskolitis,,,,A00.radlex
RID3427,radlex,colitis cystica profunda,Colitis cystica profunda,,,,A00.radlex
RID3428,radlex,microscopic colitis,Mikroskopische Kolitis,,collagenous colitis,,A00.radlex
RID3430,radlex,eosinophilic colitis,Eosinophile Kolitis,,,,A00.radlex
RID3432,radlex,stercoral colitis,Kolitis bei Kotsteinen,,,,A00.radlex
RID3433,radlex,drug-induced colitis,Medikamenten-induzierte Kolitis,,,,A00.radlex
RID3434,radlex,caustic colitis,Kolitis durch Verätzung,,,,A00.radlex
RID3435,radlex,glutaraldehyde colitis,Glutaraldehyd-Kolitis,,,,A00.radlex
RID34367,radlex,microcalcifications out of mass,Mikroverkalkungen außerhalb eines Herdes,,,Mikroverkalkungen außerhalb einer Masse,A00.radlex
RID34368,radlex,microcalcifications in mass,Mikroverkalkungen in einer Masse einem Herd,,,Mikroverkalkungen in einer Masse,A00.radlex
RID34370,radlex,set of cysts,Gruppe von Zysten,,,,A00.radlex
RID34384,radlex,duct ectasia,Duktektasie,,ductal dilatation,,A00.radlex
RID34385,radlex,ductal wall thickening,duktale Wandverdickung,,,,A00.radlex
RID3441,radlex,reflux esophagitis,Refluxösophagitis,,,,A00.radlex
RID34413,radlex,metabolic disease,Stoffwechselerkrankung,,,,A00.radlex
RID34414,radlex,lysosomal storage disease,lysosomale Speicherkrankheit,,,,A00.radlex
RID34416,radlex,Tay-Sachs disease,Morbus Tay-Sachs,,,,A00.radlex
RID34417,radlex,blood disease,Blutkrankheit,,,,A00.radlex
RID3442,radlex,infectious esophagitis,Infektiöse Ösophagitis,,,,A00.radlex
RID3443,radlex,radiation-induced esophagitis,Strahleninduzierte Ösophagitis,,,,A00.radlex
RID3444,radlex,eosinophilic esophagitis,Eosinophile Ösophagitis,,,,A00.radlex
RID3445,radlex,esophageal intramural pseudodiverticulosis,Ösophageale intramurale Pseudodivertikulose,,,,A00.radlex
RID3447,radlex,necrotizing fasciitis,Nekrotisierende Fasziitis,,,,A00.radlex
RID3448,radlex,necrotizing fasciitis of perineum and genitals,Nekrotisierende Fasziitis des Perineums und Genitals,,Fournier gangrene,,A00.radlex
RID3451,radlex,helicobacter pylori gastritis,Helicobacter-pylori-Gastritis,,H. pylori gastritis,,A00.radlex
RID3453,radlex,erosive gastritis,erosive Gastritis,,,,A00.radlex
RID3454,radlex,caustic gastritis,Gastritis durch Verätzung,,,,A00.radlex
RID3455,radlex,antral gastritis,Antrumgastritis,,,,A00.radlex
RID3456,radlex,hypertrophic gastritis,Hypertrophische Gastritis,,hypertrophic hypersecretory gastropathy,,A00.radlex
RID3458,radlex,atrophic gastritis,Atrophische Gastritis,,,,A00.radlex
RID3459,radlex,emphysematous gastritis,Emphysematöse Gastritis,,,,A00.radlex
RID34599,radlex,neurofibromatosis,Neurofibromatose,,,,A00.radlex
RID3460,radlex,eosinophilic gastritis,Eosinophile Gastritis,,,,A00.radlex
RID34600,radlex,Schwannomatosis,Schwannomatose,,,,A00.radlex
RID34602,radlex,neurofibromatosis type 2,Neurofibromatose Typ 2,,NF2,,A00.radlex
RID34606,radlex,calcification disorder,Verkalkung,,,,A00.radlex
RID34607,radlex,microlithiasis,Mikrolithiasis,,,,A00.radlex
RID34613,radlex,Klebsiella pneumonia,Klebsiella pneumoniae,,,,A00.radlex
RID34619,radlex,mucopolysaccharidosis,Mukopolysaccharidose,,,,A00.radlex
RID3462,radlex,eosinophilic gastroenteritis,Eosinophile Gastroenteritis,,EGE,,A00.radlex
RID34625,radlex,deep vein thrombosis,tiefe Venenthrombose,,,,A00.radlex
RID34627,radlex,rubella,Röteln,,,Rubella,A00.radlex
RID34648,radlex,deficiency disorder,Mangelsyndrom,,,,A00.radlex
RID3465,radlex,Guillain-Barre syndrome,Guillain-Barre Syndrom,,acute inflammatory demyelinating polyradiculoneuropathy,,A00.radlex
RID34652,radlex,impingement,Impingement,,,,A00.radlex
RID34671,radlex,malignant neoplasm of genitourinary system,maligne Neoplasie des Urogenitalsystems,,,,A00.radlex
RID34673,radlex,transitional cell carcinoma of ureter,Urothelzellkarzinom des Ureters,,,,A00.radlex
RID34674,radlex,cystic disease,zystische Erkrankung,,,,A00.radlex
RID34677,radlex,red blood cell disorder,Erkrankung der Erythrozyten,,,,A00.radlex
RID34679,radlex,skeletal dysplasia,Skelettdysplasie,,,,A00.radlex
RID3468,radlex,steatohepatitis,Steatohepatis,,,,A00.radlex
RID34682,radlex,hypothermia,Hypothermie,,,,A00.radlex
RID34686,radlex,bacterial infection,bakterielle Infektion,,infection due to bacteria,,A00.radlex
RID34687,radlex,viral infection,Virusinfektion,,infection due to virus,,A00.radlex
RID3469,radlex,nonalcoholic steatohepatitis,NASH,,NASH|non-alcoholic steatohepatitis,nicht-alkoholische Steatohepatis,A00.radlex
RID34700,radlex,chiari malformation type I,Chiari-Malformation Typ I,,,,A00.radlex
RID34702,radlex,chiari malformation type III,Chiari-Malformation Typ III,,,,A00.radlex
RID34703,radlex,chiari malformation type IV,Chiari-Malformation Typ IV,,,,A00.radlex
RID3471,radlex,neonatal hepatitis,Neonatale Hepatitis,,,,A00.radlex
RID34717,radlex,developmental disorder,Entwicklungsstörung,,,,A00.radlex
RID34719,radlex,anomaly of chromosome X,Anomalie des X-Chromosoms,,,,A00.radlex
RID3472,radlex,hypophysitis,Hyophysitis,,,,A00.radlex
RID34722,radlex,dysgenesis of cerebellum,Dysgenesie des Cerebellums,,,,A00.radlex
RID34723,radlex,aplasia of vermis,Aplasie des Kleinhirnwurms,,,,A00.radlex
RID34724,radlex,degenerative brain disorder,neurodegenerative Erkrankung,,,,A00.radlex
RID34727,radlex,disorder of immune function,Störung der Immunfunktion,,immune function disorder,,A00.radlex
RID34728,radlex,immunodeficiency disorder,Immundefizienz,,immunodeficiency disease,,A00.radlex
RID3473,radlex,lymphocytic hypophysitis,Lymphozytäre Hypophysitis,,,,A00.radlex
RID34730,radlex,AIDS,erworbenes Immunschwächesyndrom,,acquired immune deficiency syndrome,AIDS,A00.radlex
RID34732,radlex,congenital anomaly of brain,kongenitale Hirnfehlbildung,,,,A00.radlex
RID34733,radlex,holoprosencephaly sequence,Holoprosencephalie-Sequenz,,arhinencephaly|arrhinencephaly|familial alobar holoprosencephaly,,A00.radlex
RID34735,radlex,lobar holoprosencephaly,lobäre Holoprosenzephalie,,,,A00.radlex
RID34736,radlex,disorder of porphyrin metabolism,Störung des Porphyrinstoffwechsels,,,,A00.radlex
RID34737,radlex,disorder of bilirubin metabolism,Störung des Bilirubinstoffwechsels,,,,A00.radlex
RID34738,radlex,hyperbilirubinemia,Hyperbilirubinämie,,bilirubinemia|jaundice,,A00.radlex
RID34739,radlex,conjugated hyperbilirubinemia,konjugierte Hyperbilirubinämie,,,,A00.radlex
RID34751,radlex,small bowel closed-loop obstruction,Closed-Loop-Obstruktion des Dünndarms,,small bowel closed loop obstruction,,A00.radlex
RID34753,radlex,neurocutaneous syndrome,neurokutanes Syndrom,,,,A00.radlex
RID34757,radlex,infection by tapeworm larvae,Infektion durch Bandwurmlarven,,,,A00.radlex
RID34759,radlex,diffuse spasm,diffuser Spasmus,,,,A00.radlex
RID34761,radlex,ear-nose-throat disorder,Hals-Nasen-Ohren-Erkrankung,,ENT disorder|ear nose and throat disorder|ear nose throat disorder,,A00.radlex
RID34764,radlex,bacterial infectious disease,bakterielle Infektionserkrankung,,,,A00.radlex
RID34777,radlex,sphingolipidosis,Sphingolipidose,,,,A00.radlex
RID34780,radlex,absence,Fehlen,,missing part,,A00.radlex
RID34783,radlex,proliferation,Proliferation,,,,A00.radlex
RID34784,radlex,disorder of pregnancy,schwangerschaftsbedingte Erkrankung,,,,A00.radlex
RID34785,radlex,clinical finding,klinischer Befund,,,,A00.radlex
RID34790,radlex,separation,Trennung,,,Separation,A00.radlex
RID34797,radlex,spinal fusion,Spinale Fusionierung,,,Spondylodese,A00.radlex
RID3480,radlex,Kimura disease,Kimura Erkrankung,,,,A00.radlex
RID34835,radlex,T-cell lymphoma,T-Zell-Lymphom,,malignant histiocytosis syndrome,,A00.radlex
RID34837,radlex,congenital chromosomal abnormality,angeborene Chromosomenanomalie,,anomaly of chromosome|congenital chromosomal disease,,A00.radlex
RID3486,radlex,histiocytic necrotizing lymphadenitis,Histiozytäre nekrotisierende Lymphadenitis,,Kikuchi disease,,A00.radlex
RID34879,radlex,retrograde ureterography,retrograde Ureterographie,,,,A00.radlex
RID34888,radlex,disorder of pulmonary circulation,Erkrankung des Lungenkreislaufs,,,,A00.radlex
RID3491,radlex,chronic sclerosing mediastinitis,chronisch sklerosierende Mediastinitis,,,,A00.radlex
RID3495,radlex,leptomeningitis,Leptomeningitis,,,,A00.radlex
RID34952,radlex,Weber type A fracture,Sprunggenkfraktur Typ Weber A,,,,A00.radlex
RID34953,radlex,Weber type B fracture,Sprunggenkfraktur Typ Weber B,,,,A00.radlex
RID34954,radlex,Weber type C fracture,Sprunggenkfraktur Typ Weber C,,,,A00.radlex
RID3496,radlex,arachnoiditis,Arachnoiditis,,,,A00.radlex
RID3497,radlex,basilar meningitis,Basale Meningitis,,,,A00.radlex
RID3498,radlex,pachymeningitis,Pachymeningitis,,,,A00.radlex
RID3502,radlex,transverse myelitis,Transversale Myelitis,,,,A00.radlex
RID35023,radlex,segmental renal hypoplasia,segmentale Hypoplasie der Niere,,Ask-Upmark kidney,,A00.radlex
RID3507,radlex,periscleritic form orbital pseudotumor,"orbitaler Pseudotumor, periskleritische Form",,"orbital pseudotumor, periscleritic form",,A00.radlex
RID3508,radlex,tumefactive form orbital pseudotumor,"orbitaler Pseudotumor, tumorähnliche Form",,"orbital pseudotumor, tumefactive form",,A00.radlex
RID3509,radlex,myositic form orbital pseudotumor,"orbitaler Pseudotumor, myositische Form",,"orbital pseudotumor, myositic form",,A00.radlex
RID3510,radlex,perineuritic orbital pseudotumor,"orbitaler Pseudotumor, perineuritisch",,"orbital pseudotumor, perineuritic",,A00.radlex
RID3511,radlex,lacrimal orbital pseudotumor,"orbitaler Pseudotumor, lakrimal",,"orbital pseudotumor, lacrimal",,A00.radlex
RID3512,radlex,diffuse orbital pseudotumor,"orbitaler Pseudotumor, diffus",,"orbital pseudotumor, diffuse",,A00.radlex
RID3513,radlex,Brodie abscess,Brodie Abszess,,,,A00.radlex
RID3514,radlex,sclerosing osteomyelitis,Sklerosierende Osteomyelitis,,,,A00.radlex
RID3515,radlex,chronic symmetric plasma cell osteomyelitis,chronisch symmetrische Plasmazellosteomyelitis,,chronic recurrent multifocal osteomyelitis,,A00.radlex
RID3520,radlex,malignant otitis externa,Maligne Otitis externa,,,,A00.radlex
RID3521,radlex,acute external otitis,Akute Otitis externa,,acute otitis externa|swimmer ear,,A00.radlex
RID35245,radlex,Gorham vanishing bone disease,Gorham-Stout-Syndrom,,massive osteolysis of Gorham,,A00.radlex
RID3526,radlex,condensing osteitis,nicht-bakterielle Osteitis,,,,A00.radlex
RID3530,radlex,autoimmune pancreatitis,Autoimmunpankreatitis,,,,A00.radlex
RID3531,radlex,hereditary pancreatitis,Hereditäre Pankreatitis,,,,A00.radlex
RID3536,radlex,meconium peritonitis,Meconiumperitonitis,,,,A00.radlex
RID3546,radlex,pyelitis cystica,zystische Pyelitis,,,,A00.radlex
RID3550,radlex,exudative retinitis,Exsudative Retinitis,,Coats disease,,A00.radlex
RID3553,radlex,arthritis,Arthritis,,,,A00.radlex
RID3555,radlex,osteoarthritis,Arthrose,,osteoarthrosis,,A00.radlex
RID3556,radlex,endemic osteoarthritis,Endemische Osteoarthritis,,,,A00.radlex
RID3557,radlex,Kashin-Bek disease,Kashin-Beck Erkrankung,,,,A00.radlex
RID3558,radlex,Malemud disease,Malemud Erkrankung,,,,A00.radlex
RID3560,radlex,osteoarthritis deformans,Arthrosis deformans,,,,A00.radlex
RID35616,radlex,tarsal coalition,tarsale Koalition,,,,A00.radlex
RID3563,radlex,deforming nonerosive arthropathy,Deformierende nicht-erosive Arthropathie,,Jaccoud arthropathy,,A00.radlex
RID3565,radlex,crystal induced arthritis,Kristallarthropathie,,crystal arthropathy,,A00.radlex
RID3570,radlex,calcium pyrophosphate dehydrate crystal deposition disease,Kalziumpyrophosphatdihydrat-Kristallablagerung,,CPPD deposition disease,,A00.radlex
RID3572,radlex,pseudo-gout,Pseudogicht,,CPPD Type A|type A calcium pyrophosphate dehydrate crystal deposition disease,,A00.radlex
RID35723,radlex,colonography,Kolonographie,,,,A00.radlex
RID35725,radlex,diagnostic imaging,bildgebende Diagnostik,,,,A00.radlex
RID35732,radlex,guidance,Führung,,,,A00.radlex
RID35738,radlex,congenital disorder,angeborene Anomalie,,congenital disease,,A00.radlex
RID3575,radlex,pseudo-rheumatoid,Pseudorheuma,,CPPD Type B|Type B calcium pyrophosphate dehydrate crystal deposition disease,,A00.radlex
RID35767,radlex,discography,Diskographie,,discogram,,A00.radlex
RID35768,radlex,cisternography,Zisternographie,,cisternogram,,A00.radlex
RID35772,radlex,pelvimetry,Pelvimetrie,,,,A00.radlex
RID35773,radlex,scanogram,CT-Übersichtsaufnahme (Scanogramm),,,,A00.radlex
RID35774,radlex,nerve block,Nervenblockade,,,,A00.radlex
RID35775,radlex,screw placement,Implantation einer Schraube,,,,A00.radlex
RID35777,radlex,stereotactic localization,Stereotaxie,,stereotaxis,,A00.radlex
RID3578,radlex,pseudo-arthritis,Pseudoarthritis,,CPPD Type C|Type C calcium pyrophosphate dehydrate crystal deposition disease,,A00.radlex
RID35807,radlex,medullary nephrocalcinosis,medulläre Nephrokalzinose,,,,A00.radlex
RID3581,radlex,pseudo-osteoarthritis,Pseudoosteoarthritis,,CPPD Type D|Type D calcium pyrophosphate dehydrate crystal deposition disease,,A00.radlex
RID35811,radlex,renal cyst,Nierenzyste,,,,A00.radlex
RID35813,radlex,paracentesis,Parazentese,,,,A00.radlex
RID35814,radlex,pericardiocentesis,Perikardiozentese,,,,A00.radlex
RID35815,radlex,thoracentesis,Pleurapunktion,,,,A00.radlex
RID35816,radlex,needle placement,Setzen der Nadel,,,,A00.radlex
RID3584,radlex,asymptomatic calcium pyrophosphate dehydrate crystal deposition disease,Asymptomatische Kalziumpyrophosphatdihydrat-Kristallablagerung,,CPPD Type E|type E calcium pyrophosphate dehydrate crystal deposition disease,,A00.radlex
RID3587,radlex,pseudo-neuroarthropathy,Pseudoneuroarthropathie,,CPPD Type F|Type F calcium pyrophosphate dehydrate crystal deposition disease,,A00.radlex
RID3590,radlex,calcium pyrophosphate dehydrate crystal deposition disease miscellaneous pattern,calcium pyrophosphate dehydrate crystal deposition disease miscellaneous pattern (EN),,CPPD Type G|Type G calcium pyrophosphate dehydrate crystal deposition disease,,A00.radlex
RID3593,radlex,pyrophosphate arthritis,Pyrophosphatarthritis,,,,A00.radlex
RID3594,radlex,calcium hydroxyapatite crystal deposition disease,Kalziumhydroxyapatit-Kristallablagerung,,apatite-related arthropathy,,A00.radlex
RID3596,radlex,apatite-associated destructive arthritis,Apatit-assoziierte destruierende Arthritis,,,,A00.radlex
RID35965,radlex,follow-up procedure,Follow-up-Verfahren,,f-u|follow up|follow up procedure|follow-up,,A00.radlex
RID35966,radlex,research,Forschung,,,Recherche,A00.radlex
RID35967,radlex,limited imaging procedure,begrenzte Bildaufnahme,,,,A00.radlex
RID35969,radlex,nursing procedure,Krankenpflegeprozess,,,,A00.radlex
RID3597,radlex,calcific periarthritis,Kalzifizierende Periarthritis,,,,A00.radlex
RID35970,radlex,read outside image,Lesen eines externen Bildes,,outside film read|read external image,,A00.radlex
RID35971,radlex,Xenon imaging with and without Diamox,Xenon-Bildgebung mit und ohne Diamox,,,,A00.radlex
RID35979,radlex,non-pathological condition appearing pathological,pathologisch erscheinender nicht-pathologischer Zustand,,,,A00.radlex
RID3598,radlex,arthritis of hemochromatosis,Arthritis durch Hämochromatose,,,,A00.radlex
RID3599,radlex,arthritis of alkaptonuria,Arthritis durch Alkaptonurie,,,,A00.radlex
RID3600,radlex,arthritis of cholesterol crystal deposition,Arthritis durch Cholesterol-Kristallablagerung,,cholesterol-related arthritis and periarthritis,,A00.radlex
RID36008,radlex,benign finding,gutartiger Befund,,benign entity|non-pathological finding|non-pathophysiological finding,,A00.radlex
RID36018,radlex,venipuncture,Venenpunktion,,,,A00.radlex
RID36019,radlex,facet block,Facettenblockade,,,,A00.radlex
RID3602,radlex,arthritis of calcium oxalate crystal deposition,Arthritis durch Kalziumoxalat-Kristallablagerung,,,,A00.radlex
RID36025,radlex,dental scan,dentale Röntgenaufnahme,,dentascan,,A00.radlex
RID3603,radlex,spondyloarthropathy,Spondylarthropathie,,,,A00.radlex
RID36042,radlex,malignant neoplasm,maligne Neoplasie,,malignancy,,A00.radlex
RID3605,radlex,renal spondyloarthropathy,Renale Spondylarthropathie,,,,A00.radlex
RID3606,radlex,dialysis spondyloarthropathy,Dialyse-Spondylarthrotpathie,,,,A00.radlex
RID3607,radlex,Rieter arthritis,Reiter Arthritis,,,,A00.radlex
RID3608,radlex,seronegative spondyloarthropathy,Seronegative Spondylarthropathie,,,,A00.radlex
RID3609,radlex,chronic arthritis of juvenile onset,Juvenile chronische Arthritis,,,,A00.radlex
RID3610,radlex,juvenile rheumatoid arthritis,Juvenile rheumatoide Arthritis,,,,A00.radlex
RID3611,radlex,seronegative juvenile rheumatoid arthritis,Seronegative juvenile rheumatoide Arthritis,,Still disease,,A00.radlex
RID3613,radlex,diabetic cheiroarthropathy,Diabetische Cheiroarthropathie,,,,A00.radlex
RID3614,radlex,infective arthritis,Infektiöse Arthritis,,infectious arthritis|septic arthritis,,A00.radlex
RID3617,radlex,infective discitis,Infektiöse Diskitis,,,,A00.radlex
RID3618,radlex,suppurative arthritis,Eitrige Arthritis,,,,A00.radlex
RID3619,radlex,inflammatory polyarthropathy,Inflammatorische Polyarthropathie,,,,A00.radlex
RID3620,radlex,degenerative polyarthritis,degenerative Polyarthrose,,,,A00.radlex
RID3621,radlex,idiopathic polyarthritis,Idiopathische Polyarthritis,,,,A00.radlex
RID3622,radlex,infective polyarthritis,Infektiöse Polyarthritis,,,,A00.radlex
RID3623,radlex,lipoid dermatoarthritis,Lipoide Dermatoarthritis,,,,A00.radlex
RID3624,radlex,migratory polyarthritis,Wandernde Polyarthritis,,,,A00.radlex
RID3625,radlex,intra-articular steroid-induced arthritis,Intraartikuläre steroidinduzierte Arthritis,,,,A00.radlex
RID3626,radlex,oxalate-related arthritis and periarthritis,Oxalat-assoziierte Arthritis und Periarthritis,,,,A00.radlex
RID3627,radlex,post-immunization arthritis,Post-Immunisierungsarthritis,,,,A00.radlex
RID3628,radlex,post-infective arthritis,Postinfektiöse Arthritis,,,,A00.radlex
RID3629,radlex,periarthritis,Periarthritis,,,,A00.radlex
RID3630,radlex,synovitis,Synovitis,,,,A00.radlex
RID3631,radlex,acute serous synovitis,Akute seröse Synovitis,,,,A00.radlex
RID3632,radlex,bursitis,Bursitis,,,,A00.radlex
RID3633,radlex,septic bursitis,Septische Bursitis,,,,A00.radlex
RID3634,radlex,lumbar interspinous bursitis,Lumbale interspinale Bursitis,,Baastrup disease,,A00.radlex
RID3636,radlex,granulomatous synovitis,Granulomatöse Synovitis,,,,A00.radlex
RID3637,radlex,infectious synovitis,Infektiöse Synovitis,,,,A00.radlex
RID3638,radlex,Hoffa disease,Hoffa Krankheit,,,,A00.radlex
RID3639,radlex,lymphocytic plasmacytic synovitis,Lymphozytische plasmazytische Synovitis,,,,A00.radlex
RID3640,radlex,pannus,Pannus,,,,A00.radlex
RID3641,radlex,pigmented villonodular synovitis,Pigmentierte villonoduläre Synovitis,,,,A00.radlex
RID3642,radlex,plant thorn synovitis,Plant-thorn Synovitis,,,,A00.radlex
RID3643,radlex,proliferative synovitis,proliferative Synovitis,,,,A00.radlex
RID3644,radlex,synovitis due to foreign material,Synovitis verursacht durch Fremdmaterial,,,,A00.radlex
RID3645,radlex,silicone synovitis,Silikonsynovitis,,,,A00.radlex
RID3646,radlex,starch synovitis,Stärkesynovitis,,,,A00.radlex
RID3647,radlex,traumatic synovitis,Traumatische Synovitis,,,,A00.radlex
RID3648,radlex,villonodular synovitis,Villonoduläre Synovitis,,,,A00.radlex
RID3649,radlex,tendinitis,Tendinitis,,tendonitis,,A00.radlex
RID3651,radlex,tenosynovitis,Sehnenscheidenentzündung,,,,A00.radlex
RID3652,radlex,fibromyalgia,Fibromyalgie,,,,A00.radlex
RID3653,radlex,polymyalgia rheumatica,Polymyalgia rheumatica,,,,A00.radlex
RID3657,radlex,chronic sclerosing sialadenitis,chronische sklerosierende Sialadenitis,,Kuttner tumor,,A00.radlex
RID3659,radlex,sialodochitis,Sialodochitis,,salivary duct inflammation,,A00.radlex
RID3661,radlex,sialodochitis fibrinosa,Sialodochitis fibrinosa,,Kussmaul disease,,A00.radlex
RID3667,radlex,suppurative thyroiditis,Eitrige Thyroiditis,,,,A00.radlex
RID3668,radlex,subacute thyroiditis,Subakute Thyreoiditis,,,,A00.radlex
RID3669,radlex,Hashimoto thyroiditis,Hashimoto Thyreoditis,,,,A00.radlex
RID3670,radlex,Riedel thyroiditis,Riedel Thyreoiditis,,,,A00.radlex
RID3671,radlex,Grave disease,Grave Krankheit,,diffuse toxic goiter,,A00.radlex
RID3676,radlex,ureteritis cystica,Ureteritis cystica,,,,A00.radlex
RID3677,radlex,eosinophilic ureteritis,Eosinophile Ureteritis,,,,A00.radlex
RID3678,radlex,uveomeningitic syndrome,Uveomeningeales Syndrom,,VKH syndrome|Vogt-Koyanagi-Harada syndrome,,A00.radlex
RID3682,radlex,arteritis,Arteritis,,,,A00.radlex
RID3683,radlex,arteriolitis,Arteriolitis,,,,A00.radlex
RID3684,radlex,aortitis,Aortitis,,,,A00.radlex
RID3685,radlex,essential mixed cryoglobulinemia,Essentielle gemischte Kryoglobulinämie,,,,A00.radlex
RID3686,radlex,giant cell arteritis,Riesenzellarteritis,,,,A00.radlex
RID3687,radlex,temporal arteritis,Arteriitis temporalis,,,,A00.radlex
RID3688,radlex,hypersensitivity angiitis,Hypersensitivitätsangiitis,,,,A00.radlex
RID3689,radlex,lymphomatoid granulomatosis,Lymphomatoide Granulomatose,,neoplastic angioendeotheliosis,,A00.radlex
RID3691,radlex,polyarteritis,Polyarteriitis,,,,A00.radlex
RID3692,radlex,polyarteritis nodosa,Polyarteriitis nodosa,,,,A00.radlex
RID3693,radlex,primary systemic arteritis,Primäre systemische Arteritis,,,,A00.radlex
RID3694,radlex,Takayasu arteritis,Takayasu-Arteriitis,,,,A00.radlex
RID3695,radlex,leukocytoclastic vasculitis,Leukoklastische Vaskulitis,,,,A00.radlex
RID3696,radlex,pulmonary arteritis,Pulmonale Arteritis,,,,A00.radlex
RID3697,radlex,primary angiitis of central nervous system,Primäre Angiitis des Zentralen Nervensystems,,isolated angiitis of central nervous system,,A00.radlex
RID3699,radlex,phlebitis,Phlebitis,,,,A00.radlex
RID3700,radlex,thrombophlebitis,Thrombophlebitis,,,,A00.radlex
RID3702,radlex,Granulomatosis with polyangiitis,Wegener Granulomatose,,,,A00.radlex
RID3703,radlex,eosinophilic cystitis,Eosinophile Zystitis,,,,A00.radlex
RID3704,radlex,cystitis cystica,zystische Zystitis,,,,A00.radlex
RID3705,radlex,cystitis glandularis,glanduläre Zystitis,,,,A00.radlex
RID3706,radlex,xanthogranulomatous inflammation,Xanthogranulomatöse Entzündung,,,,A00.radlex
RID3712,radlex,tubo-ovarian abscess,Tubo-ovarial Abszess,,,,A00.radlex
RID3713,radlex,subphrenic abscess,Subphrenischer Abszess,,,,A00.radlex
RID3716,radlex,pelvic inflammatory disease,Entzündliche Beckenerkrankung,,,,A00.radlex
RID3719,radlex,rhinoscleroma,Rhinosklerom,,,,A00.radlex
RID3725,radlex,tuberculous spondylitis,Tuberkulöse Spondylitis,,Pott disease|spinal tuberculosis,Pott Erkrankung,A00.radlex
RID3730,radlex,growth disorder,Wachstumsstörung,,growth alteration,,A00.radlex
RID3732,radlex,aplasia,Aplasie,,,,A00.radlex
RID3733,radlex,agenesis,Agenesie,,congenital absence,,A00.radlex
RID3736,radlex,choanal atresia,Choanalatresie,,,Choanenatresie,A00.radlex
RID3737,radlex,dysplasia,Dysplasie,,,,A00.radlex
RID3739,radlex,cherubism,Cherubismus,,,,A00.radlex
RID3740,radlex,multicystic dysplasia,Multizystische Dysplasie,,,,A00.radlex
RID3742,radlex,ectopic tissue,Ektopes Gewebe,,ectopia|heterotopia,,A00.radlex
RID3745,radlex,ectopic pancreatic rest,Ektoper Pankreasrest,,,,A00.radlex
RID3748,radlex,crossed ectopia,Gekreuzte Ektopie,,,,A00.radlex
RID3749,radlex,ectopic gastric mucosa,Ektopische gastrische Mukosa,,,,A00.radlex
RID3750,radlex,splenosis,Splenose,,,,A00.radlex
RID3759,radlex,disorder of neuronal migration,Abnormale neuronale Migration,,,,A00.radlex
RID3760,radlex,nodular heterotopia,Noduläre Heterotopie,,,,A00.radlex
RID3761,radlex,subependymal nodular heterotopia,Subependymale noduläre Heterotopie,,,,A00.radlex
RID3762,radlex,subcortical nodular heterotopia,Subkortikale noduläre Heterotopie,,,,A00.radlex
RID3763,radlex,band heterotopia,Bandförmige Heterotopie,,,,A00.radlex
RID3768,radlex,polymicrogyria,Polymikrogyrie,,,,A00.radlex
RID3769,radlex,stentogyria,Stenogyrie,,,,A00.radlex
RID3770,radlex,lingual thyroid,Zungenschilddrüse,,,,A00.radlex
RID3771,radlex,focal cortical dysplasia without balloon cells,Fokale kortikale Dysplasie ohne Ballonzellen,,,,A00.radlex
RID3772,radlex,balloon cell focal cortical dysplasia of Taylor,Fokale kortikale Dysplasie Typ Taylor,,,,A00.radlex
RID3773,radlex,nasal glioma,Nasales Gliom,,nasal glial heterotopia,,A00.radlex
RID3777,radlex,hyperplasia,Hyperplasie,,,,A00.radlex
RID3778,radlex,focal nodular hyperplasia,Fokal noduläre Hyperplasie,,,,A00.radlex
RID3779,radlex,telangiectatic focal nodular hyperplasia,Teleangiektatische fokale noduläre Hyperplasie,,,,A00.radlex
RID3780,radlex,lymphoid hyperplasia,Lymphoide Hyperplasie,,,,A00.radlex
RID3781,radlex,Castleman disease,Castleman Erkrankung,,angiofollicular hyperplasia|giant lymph node hyperplasia,,A00.radlex
RID3786,radlex,hyperkeratosis,Hyperkeratose,,callous,,A00.radlex
RID3788,radlex,parakeratosis,Parakeratose,,,,A00.radlex
RID3789,radlex,acanthosis nigricans,Acanthosis nigricans,,,,A00.radlex
RID3790,radlex,nodular hyperplasia,Noduläre Hyperplasie,,nodular regenerative hyperplasia,,A00.radlex
RID3792,radlex,adenoid hyperplasia,Vegetation,,adenoid vegetation|vegetation,,A00.radlex
RID3793,radlex,distension,Dehnung,,distention,,A00.radlex
RID3797,radlex,goiter,Gicht,,,,A00.radlex
RID3803,radlex,growth rate disorder,Störung der Wachstumsrate,,,,A00.radlex
RID3804,radlex,growth arrest,Wachstumsstillstand,,,,A00.radlex
RID3806,radlex,growth acceleration,Wachstumsbeschleunigung,,,,A00.radlex
RID3807,radlex,involution,Involution,,,,A00.radlex
RID3810,radlex,squamous metaplasia,Plattenepithelmetaplasie,,leukoplakia,,A00.radlex
RID3813,radlex,regeneration,Regeneration,,,,A00.radlex
RID3814,radlex,remodeling,Remodeling,,,,A00.radlex
RID3816,radlex,physiologic repair,Physiologischer Reparaturmechanismus,,,,A00.radlex
RID3817,radlex,clubbing,Trommelschlegelfinger,,,,A00.radlex
RID3819,radlex,granulation tissue,Granulationsgewebe,,,,A00.radlex
RID3821,radlex,interstitial fibrosis,Interstitielle Fibrose,,,,A00.radlex
RID3823,radlex,primary biliary cirrhosis,Primäre biliäre Zirrhose,,,,A00.radlex
RID3824,radlex,Peyronie disease,Peyronie Krankheit,,induratio penis plastica,,A00.radlex
RID3826,radlex,myelofibrosis,Myelofibrose,,,,A00.radlex
RID3827,radlex,gliosis,Gliose,,,,A00.radlex
RID3828,radlex,keloid,Keloid,,,,A00.radlex
RID3830,radlex,radial scar,Radiäre Narbe,,,,A00.radlex
RID3832,radlex,synechia,Synechie,,,,A00.radlex
RID3833,radlex,intrauterine synechia,Intrauterine Synechie,,Asherman syndrome|intrauterine scar,,A00.radlex
RID3836,radlex,proliferation disorder,proliferative Erkrankung,,,,A00.radlex
RID3837,radlex,hematopoietic proliferative disorder,Proliferative hämatopoetische Erkrankung,,,,A00.radlex
RID3838,radlex,extramedullary hematopoiesis,Extramedulläre Hämatopoese,,,,A00.radlex
RID3839,radlex,lymphoproliferative disorder,Lymphoproliferative Erkrankung,,,,A00.radlex
RID3842,radlex,Hodgkin lymphoma,Hodgkin Lymphom,,,,A00.radlex
RID3843,radlex,non-Hodgkin lymphoma,Non-Hodgkin Lymphom,,,,A00.radlex
RID3844,radlex,large cell lymphoma,Großzelliges Lymphom,,,,A00.radlex
RID3845,radlex,histiocytosis,Histiozytäre Neoplasie,,,,A00.radlex
RID3847,radlex,Letterer-Siwe disease,Abt-Letter-Siwe Erkrankung,,,,A00.radlex
RID3848,radlex,Hand-Schuller-Christian disease,Hand-Schüller-Christian Erkrankung,,,,A00.radlex
RID3850,radlex,non-Langerhans cell histiocytosis,Nicht-Langerhanszell Histiozytose,,hemophagocytic syndrome,,A00.radlex
RID3851,radlex,Rosai-Dorfman disease,Rosai-Dorfmann-Erkrankung,,,,A00.radlex
RID3852,radlex,Erdheim-Chester disease,Erdheim-Chester-Erkrankung,,,,A00.radlex
RID3853,radlex,hemophagocytic lymphohistiocytosis,Hämophagozytäre Lymphohistiozytose,,,,A00.radlex
RID3854,radlex,juvenile xanthogranuloma,Juveniles Xanthogranulom,,,,A00.radlex
RID3855,radlex,xanthoma disseminatum,Disseminiertes Xanthom,,,,A00.radlex
RID3856,radlex,choroid plexus xanthogranuloma,Plexus choroideus-Xanthogranulom,,,,A00.radlex
RID3857,radlex,granulocytic sarcoma,Granulozytäres Sarkom,,chloroma,,A00.radlex
RID3859,radlex,plasma cell granuloma,Plasmazellgranulom,,inflammatory pseudotumor,,A00.radlex
RID38591,radlex,autoimmune disease,Autoimmunerkrankung,,,,A00.radlex
RID38592,radlex,mesenteric ischemia,mesenteriale Ischämie,,,,A00.radlex
RID38597,radlex,clip placement,Setzen eines Clips,,,,A00.radlex
RID38601,radlex,ultrasound-assisted venipuncture,ultraschallgestützte Venenpunktion,,,,A00.radlex
RID38602,radlex,vacuum-assisted biopsy,Vakuumbiopsie,,vacuum assisted biopsy,,A00.radlex
RID38604,radlex,cerebrovascular disease,zerebrovaskuläre Erkrankung,,,,A00.radlex
RID38606,radlex,iron evaluation,Eisenanalyse,,,,A00.radlex
RID38607,radlex,assessment procedure,Beurteilungsverfahren,,,,A00.radlex
RID38608,radlex,assess treatment response,Beurteilung des Ansprechens auf die Behandlung,,,,A00.radlex
RID38609,radlex,rotational angiography,Rotationsangiographie,,3D angiography|3D rotational angiography,,A00.radlex
RID3861,radlex,plasmacytoma,Plasmozytom,,,,A00.radlex
RID38610,radlex,access procedure,Zugangsmethode,,obtain access|procedure to gain access,,A00.radlex
RID38611,radlex,biopsy,Biopsie,,,,A00.radlex
RID3862,radlex,myeloproliferative disorder,Myeloproliferative Erkrankung,,,,A00.radlex
RID3863,radlex,leukemia,Leukämie,,,,A00.radlex
RID3864,radlex,multiple myeloma,Multiples Myelom,,,,A00.radlex
RID3865,radlex,polycythemia vera,Polyzythaemia vera,,,,A00.radlex
RID3866,radlex,Madelung disease,Madelung-Erkrankung,,benign symmetric lipomatosis,,A00.radlex
RID38667,radlex,thinning,Verdünnung,,,,A00.radlex
RID3870,radlex,endometriosis,Endometriose,,,,A00.radlex
RID3871,radlex,post-transplant lymphoproliferative disorder,Post-Transplant lymphoproliferative Erkrankung,,,,A00.radlex
RID3873,radlex,focal proliferation,Fokale Proliferation,,,,A00.radlex
RID38753,radlex,pre-endograft scan,Scan vor der Implantation des Endografts,,pre endograft scan,,A00.radlex
RID38754,radlex,post-endograft scan,Scan nach der Implantation des Endografts,,post endograft scan,,A00.radlex
RID3876,radlex,micronodule,Mikroknoten,,,,A00.radlex
RID3877,radlex,macronodule,Makroknoten,,,,A00.radlex
RID38779,radlex,neurography,Neurographie,,,,A00.radlex
RID3878,radlex,rheumatoid nodule,Rheumatoider Knoten,,,,A00.radlex
RID3879,radlex,regenerative nodule,Regeneratknoten,,,,A00.radlex
RID3880,radlex,dysplastic nodule,Dysplastischer Knoten,,,,A00.radlex
RID38812,radlex,magnetic resonance cholangiopancreatography,Magnetresonanz-Cholangiopankreatikographie,,,,A00.radlex
RID38813,radlex,cholangiopancreatography,Cholangiopankreatikographie,,,,A00.radlex
RID3882,radlex,inflammatory esophagogastric polyp,Entzündlicher ösophagogastrischer Polyp,,,,A00.radlex
RID3883,radlex,fibroepithelial polyp,Fibroepithelialer Polyp,,,,A00.radlex
RID3884,radlex,fibrovascular polyp,Fibrovaskulärer Polyp,,,,A00.radlex
RID3885,radlex,cholesterol polyp,Cholesterolpolyp,,,,A00.radlex
RID3886,radlex,benign epithelial polyp of colon,Benigner epithelialer Polyp des Kolons,,,,A00.radlex
RID3887,radlex,adenomatous polyp,Adenomatöser Polyp,,,,A00.radlex
RID3888,radlex,hyperplastic polyp,Hyperplastischer Polyp,,,,A00.radlex
RID3889,radlex,inflammatory fibroid polyp,Entzündlicher fibroider Polyp,,,,A00.radlex
RID3891,radlex,arachnoid cyst,Arachnoidalzyste,,,,A00.radlex
RID3892,radlex,Baker cyst,Bakerzyste,,,,A00.radlex
RID3893,radlex,Bartholin gland cyst,Bartholinizyste,,,,A00.radlex
RID3898,radlex,choroid plexus cyst,Plexus choroideus Zyste,,,,A00.radlex
RID3899,radlex,colloid cyst,Kolloidzyste,,,,A00.radlex
RID3900,radlex,communicating cyst,kommunizierende Zyste,,,,A00.radlex
RID3901,radlex,Cowper duct cyst,Cowperzyste,,retention cyst of Cowper duct,,A00.radlex
RID3903,radlex,dentigerous cyst,odontogene Zyste,,,,A00.radlex
RID39045,radlex,imaging with contrast,kontrastmittelgestützte Bildgebung,,contrast imaging,,A00.radlex
RID39048,radlex,diabetes,Diabetes,,,,A00.radlex
RID39049,radlex,atherosclerosis,Arteriosklerose,,arteriosclerotic vascular disease|atheromatosis,,A00.radlex
RID39050,radlex,symptom,Symptom,,,,A00.radlex
RID3906,radlex,duplication cyst,Duplikationszyste,,,,A00.radlex
RID39076,radlex,encephalomalacia,Enzephalomalazie,,,,A00.radlex
RID39083,radlex,fever,Fieber,,,,A00.radlex
RID3909,radlex,congenital inclusion cyst,Angeborene Einschlusszyste,,,Angeborene Inklusionszyste,A00.radlex
RID39096,radlex,hyperlipidemia,Hyperlipidämie,,,,A00.radlex
RID39097,radlex,hypertension,Hypertonie,,,,A00.radlex
RID3910,radlex,ependymal cyst,Ependymzyste,,,,A00.radlex
RID39107,radlex,urogenital finding,urogenitaler Befund,,,,A00.radlex
RID39108,radlex,disorder of reproductive system,Erkrankung des Reproduktionssystems,,,,A00.radlex
RID39109,radlex,infertility,Unfruchtbarkeit,,,,A00.radlex
RID3911,radlex,Gartner duct cyst,Gartner-Zyste,,,Gartner-Gang-Zyste,A00.radlex
RID3912,radlex,hydrocele,Hydrozele,,,,A00.radlex
RID3913,radlex,juxtaarticular cyst,Juxtaartikuläre Zyste,,,,A00.radlex
RID39136,radlex,myelomalacia,Myelomalazie,,,,A00.radlex
RID3914,radlex,lymphoepithelial cyst,Lymphoepitheliale Zyste,,,,A00.radlex
RID39140,radlex,os acetabulum,Acetabulum,,os acetabuli,,A00.radlex
RID3915,radlex,meniscal cyst,Meniskuszyste,,,,A00.radlex
RID3916,radlex,mesothelial cyst,Mesotheliale Zyste,,,,A00.radlex
RID39169,radlex,rotoscoliosis,Rotoskoliose,,,,A00.radlex
RID3917,radlex,milk of calcium cyst,Kalkmilchzyste,,,,A00.radlex
RID39179,radlex,unicornuate uterus,Uterus unicornis,,,,A00.radlex
RID3918,radlex,Mullerian duct cyst,Müllergangszyste,,,,A00.radlex
RID39186,radlex,vomiting,Erbrechen,,vomit,,A00.radlex
RID39188,radlex,disorder of spinal cord,Erkrankung des Rückenmarks,,,,A00.radlex
RID3919,radlex,ranula,Ranula,,mucus escape cyst,,A00.radlex
RID39206,radlex,multisystem disorder,Multisystemerkrankung,,,,A00.radlex
RID3921,radlex,Nabothian cyst,Nabothi Zyste,,,,A00.radlex
RID39210,radlex,bicornate uterus,Uterus bicornis,,bicornuate uterus,,A00.radlex
RID39218,radlex,deformity,Deformität,,,,A00.radlex
RID39219,radlex,dizziness,Schwindel,,dizzy,,A00.radlex
RID3922,radlex,neurenteric cyst,Neuroenterische Zyste,,enterogenous cyst|neuroenteric cyst,,A00.radlex
RID39220,radlex,echocardiography,Echokardiographie,,echo imaging|echocardiogram,,A00.radlex
RID39238,radlex,regurgitation,Regurgitation,,,,A00.radlex
RID39249,radlex,atherosclerotic aneurysm,atherosklerotisches Aneurysma,,,,A00.radlex
RID3925,radlex,neuroglial cyst,Neurogliazyste,,gliocele,,A00.radlex
RID39250,radlex,allergy,Allergie,,,,A00.radlex
RID39252,radlex,chemotherapy,Chemotherapie,,chemo,,A00.radlex
RID39255,radlex,uterus didelphys,Uterus didelphys,,didelphys|didelphys uterus|uterine didelphys,,A00.radlex
RID39262,radlex,radiotherapy,Radiotherapie,,radiation therapy,,A00.radlex
RID39263,radlex,sepsis,Sepsis,,systemic inflammatory response syndrome,,A00.radlex
RID3927,radlex,neuroepithelial cyst,Neuroepitheliale Zyste,,,,A00.radlex
RID39270,radlex,fibromyoma,Fibromyom,,uterine fibroid,,A00.radlex
RID3928,radlex,odontogenic cyst,Odontogene Zyste,,,,A00.radlex
RID3929,radlex,parapelvic cyst,Parapelvine Zyste,,,,A00.radlex
RID3930,radlex,pars intermedia cyst,Pars intermedia Zyste,,,,A00.radlex
RID3931,radlex,perinephric cyst,Perirenale Zyste,,,,A00.radlex
RID3932,radlex,perineural cyst,Perineurale Zyste,,Tarlov cyst,,A00.radlex
RID39322,radlex,hydrops fetalis,Hydrops fetalis,,fetal hydrops,,A00.radlex
RID39333,radlex,fluid localization,Lokalisation der Flüssigkeit,,,,A00.radlex
RID39339,radlex,arthrocentesis,Arthrozentese,,aspiration of joint|joint aspiration,,A00.radlex
RID3934,radlex,pilonidal cyst,Pilonidalzyste,,,,A00.radlex
RID39340,radlex,compression repair of pseudoaneurysm,Kompressionstherapie eines Aneurysma spurium,,compression repair|pseudoaneurysm compression repair|ultrasound-guided compression,,A00.radlex
RID39342,radlex,platelet-rich plasma injection,Injektion von thrombozytenreichem Plasma,,platelet rich plasma injection,,A00.radlex
RID3935,radlex,Rathke cleft cyst,Rathke-Taschen-Zyste,,,,A00.radlex
RID3936,radlex,retention cyst,Retentionszyste,,,,A00.radlex
RID3937,radlex,salivary gland cyst,Speicheldrüsenzyste,,sialocele,,A00.radlex
RID3939,radlex,spermatocele,Spermatozele,,,,A00.radlex
RID3940,radlex,synovial cyst,Synovialzyste,,,,A00.radlex
RID3941,radlex,Tornwaldt cyst,Tornwaldt Zyste,,,,A00.radlex
RID3942,radlex,thymic cyst,Thymuszyste,,,,A00.radlex
RID3943,radlex,thyroglossal duct cyst,Ductus thyroglossus Zyste,,,,A00.radlex
RID3944,radlex,tumor-like lesion of bone,Tumorähnliche Läsion des Knochens,,,,A00.radlex
RID3945,radlex,simple bone cyst,einfache Knochezyste,,solitary bone cyst|unicameral bone cyst,Juvenile Knochenzyste,A00.radlex
RID39453,radlex,focal scar,fokale Narbe,,,,A00.radlex
RID39462,radlex,infiltrative hepatocellular carcinoma,infiltrierendes hepatozelluläres Karzinom,,infiltrative HCC,,A00.radlex
RID39476,radlex,pre-contrast imaging,Bildgebung vor der Kontrastdarstellung,,,,A00.radlex
RID39479,radlex,spontaneous hemorrhage,Spontanblutung,,,,A00.radlex
RID3948,radlex,aneursymal bone cyst,Aneurysmatische Knochenzyste,,,,A00.radlex
RID39483,radlex,tumor in vein (LI-RADS),Tumor in einer Vene,,tumor in vein,,A00.radlex
RID3949,radlex,ganglion cyst,Ganglionzyste,,,,A00.radlex
RID3950,radlex,cholesteatoma,Cholesteatom,,,,A00.radlex
RID3951,radlex,acquired cholesteatoma,Erworbenes Cholesteatom,,,,A00.radlex
RID3952,radlex,congenital cholesteatoma,Angeborenes Cholesteatom,,,,A00.radlex
RID39538,radlex,hysterosonography,Hysterosonographie,,,,A00.radlex
RID39539,radlex,oocyte retrieval,Eizellgewinnung,,egg collection|egg retrieval,,A00.radlex
RID39546,radlex,fetal abnormality,fetale Anomalie,,,,A00.radlex
RID3955,radlex,mucocele,Mukozele,,,,A00.radlex
RID39554,radlex,twin pregnancy,Zwillingsschwangerschaft,,,,A00.radlex
RID39555,radlex,additional gestation,zusätzliche Schwangerschaft,,,,A00.radlex
RID39557,radlex,nuchal translucency evaluation,Nackentransparenzmessung (Pränataldiagnostik),,nuchal fold scan|nuchal translucency screening,,A00.radlex
RID3956,radlex,mucopyocele,Mukopyozele,,,,A00.radlex
RID39568,radlex,in-vitro fertilization baseline,Baseline der In-vitro-Fertilisation,,IVF baseline|invitro fertilization baseline,,A00.radlex
RID3961,radlex,acinar cell adenoma,Azinuszelladenom,,,,A00.radlex
RID3962,radlex,acinar cell carcinoma,Azinuszellkarzinom,,,,A00.radlex
RID3963,radlex,acinar cell cystadenocarcinoma,Azinuszellzystadenokarzinom,,,,A00.radlex
RID3965,radlex,angioblastoma,Angioblastom,,,,A00.radlex
RID3967,radlex,cystic angiomatosis,Zystische Angiomatose,,,,A00.radlex
RID3968,radlex,endovascular papillary angioendothelioma,Endovaskuläres papilläres Angioendotheliom,,Dabska tumor,,A00.radlex
RID3970,radlex,angiokeratoma,Angiokeratom,,,,A00.radlex
RID3971,radlex,acquired tufted haemangioma,Erworbenes büschelartiges Hämangiom,,,,A00.radlex
RID3972,radlex,capillary hemangioma,Kapilläres Hämangiom,,,,A00.radlex
RID3973,radlex,cavernous angioma,Kavernöses Hämangiom,,cavernous hemangioma|cavernous malformation,,A00.radlex
RID3976,radlex,epithelioid hemangioma,Epitheloides Hämangiom,,,,A00.radlex
RID3977,radlex,infantile hemangioma,Infantiles Hämangiom,,,,A00.radlex
RID3978,radlex,racemose hemangioma,Razemöses Hämangiom,,arteriovenous hemangioma,,A00.radlex
RID3980,radlex,rapidly involuting congenital hemangioma,Kongenitales Hämangiom mit Spontanrückbildung,,,,A00.radlex
RID3981,radlex,noninvoluting congenital hemangioma,Kongenitales Hämangiom ohne Spontanrückbildung,,,,A00.radlex
RID3982,radlex,intramuscular hemangioma,Intramuskuläres Hämangiom,,,,A00.radlex
RID3983,radlex,hemangiomatosis,Hämangiomatose,,,,A00.radlex
RID3984,radlex,lobular capillary hemangioma,Lobuläres kapilläres Hämangiom,,granuloma pyogenicum,,A00.radlex
RID3986,radlex,venous hemangioma,Venöses Hämangiom,,,,A00.radlex
RID3987,radlex,verrucous keratotic hemangioma,Verruköses keratöses Hämangiom,,,,A00.radlex
RID3988,radlex,hemangioendothelioma,Hämangioendotheliom,,,,A00.radlex
RID3989,radlex,angiosarcoma,Angiosarkom,,malignant hemangioendothelioma,,A00.radlex
RID3992,radlex,infantile hemangioendothelioma,Infantiles Hämangioendotheliom,,,,A00.radlex
RID3993,radlex,Kaposiform hemangioendothelioma,Kaposiformes Hämangioendotheliom,,,,A00.radlex
RID3994,radlex,spindle cell hemangioendothelioma,Spindelzellhämangioendotheliom,,,,A00.radlex
RID3995,radlex,hemangioblastoma,Hämangioblastom,,capillary hemangioblastoma,,A00.radlex
RID3997,radlex,hemangiopericytoma,Hämangioperizytom,,,,A00.radlex
RID3998,radlex,hemangiosarcoma,Hämangiosarkom,,,,A00.radlex
RID3999,radlex,Kaposi sarcoma,Kaposi-Sarkom,,,,A00.radlex
RID4000,radlex,Kupffer cell sarcoma,Kupferzellsarkom,,,,A00.radlex
RID4001,radlex,bone-forming neoplasm,Knochenbildende Neoplasie,,,,A00.radlex
RID4002,radlex,osteoma,Osteom,,,,A00.radlex
RID4003,radlex,enostosis,Enostose,,bone island,,A00.radlex
RID4006,radlex,osteoblastoma,Osteoblastom,,,,A00.radlex
RID4007,radlex,aggressive osteoblastoma,Aggressives Osteoblastom,,,,A00.radlex
RID4008,radlex,ossifying fibroma,Ossifizierendes Fibrom,,,,A00.radlex
RID4009,radlex,juvenile ossifying fibroma,Juveniles ossifizierendes Fibrom,,,,A00.radlex
RID4011,radlex,central osteosarcoma,Zentrales Osteosarkom,,,,A00.radlex
RID4012,radlex,chondroblastic osteosarcoma,Chondroblastisches Osteosarkom,,,,A00.radlex
RID4013,radlex,fibroblastic osteosarcoma,Fibroblastisches Osteosarkom,,,,A00.radlex
RID4014,radlex,gnathic osteosarcoma,Gnathisches Osteosarkom,,,,A00.radlex
RID4015,radlex,high grade surface osteosarcoma,Hochmalignes Oberflächenosteosarkom,,,,A00.radlex
RID4016,radlex,intracortical osteosarcoma,Intrakortikales Osteosarkom,,,,A00.radlex
RID4017,radlex,intraosseous low grade osteosarcoma,Niedrigmalignes intraossäres Osteosarkom,,intraosseous well differentiated osteosarcoma,,A00.radlex
RID4019,radlex,osteosarcoma in Paget disease of bone,Osteosarkom bei Morbus Paget,,,,A00.radlex
RID4020,radlex,multicentric osteosarcoma,Multizentrisches Osteosarkom,,,,A00.radlex
RID4021,radlex,parosteal osteosarcoma,Parosteales Osteosarkom,,,,A00.radlex
RID4022,radlex,periosteal osteosarcoma,Periostales Osteosarkom,,,,A00.radlex
RID4023,radlex,small cell osteosarcoma,Kleinzelliges Osteosarkom,,,,A00.radlex
RID4024,radlex,telangiectatic osteosarcoma,Teleangiektatisches Osteosarkom,,,,A00.radlex
RID4026,radlex,glioma,Gliom,,,,A00.radlex
RID4027,radlex,astrocytoma,Astrozytom,,,,A00.radlex
RID4028,radlex,astrocytoma WHO grade I,Astrozytom (WHO Grad I),,,,A00.radlex
RID4029,radlex,pilocytic astrocytoma,Pilozytisches Astozytom,,pilocytic astrocytoma (WHO grade I),,A00.radlex
RID4031,radlex,pleomorphic xanthoastrocytoma,Pleomorphes Xanthoastrozytom,,pleomorphic xanthoastrocytoma (WHO grade I),PXA,A00.radlex
RID4033,radlex,subependymal giant cell astrocytoma,Subependymales Riesenzellastrozytom,,subependymal giant cell astrocytoma (WHO grade I),,A00.radlex
RID4035,radlex,astrocytoma WHO grade II,Astrozytom (WHO Grad II),,,,A00.radlex
RID4036,radlex,protoplasmic astrocytoma,Protoplasmisches Astrozytom,,protoplasmic astrocytoma (WHO grade II),,A00.radlex
RID4038,radlex,gemistocytic astrocytoma,Gemistozytisches Astrozytom,,gemistocytic astrocytoma (WHO grade II),,A00.radlex
RID4040,radlex,fibrillary astrocytoma,Fibrilläres Astrozytom,,fibrillary astrocytoma (WHO grade II),,A00.radlex
RID4042,radlex,astrocytoma WHO grade III,Astrozytom (WHO Grad III),,anaplastic astrocytoma,,A00.radlex
RID4044,radlex,astrocytoma WHO grade IV,Astrozytom (WHO Grad IV),,glioblastoma multiforme,,A00.radlex
RID4046,radlex,giant cell glioblastoma,Riesenzellglioblastom,,giant cell glioblastoma (WHO grade IV),,A00.radlex
RID4048,radlex,gliosarcoma,Gliosarkom,,gliosarcoma (WHO grade IV),,A00.radlex
RID4050,radlex,ependymal tumor,Ependymaler Tumor,,ependymoma,,A00.radlex
RID4052,radlex,ependymoma WHO grade I,Ependymom (WHO Grad I),,ependymoma (WHO grade I),,A00.radlex
RID4053,radlex,myxopapillary ependymoma,Myxopapilläres Ependymom,,myxopapillary ependymoma (WHO grade I),,A00.radlex
RID4055,radlex,subependymoma,Subependymom,,subependymoma (WHO grade I),,A00.radlex
RID4057,radlex,ependymoma WHO grade II,Ependymom (WHO Grad II),,ependymoma (WHO grade II),,A00.radlex
RID4058,radlex,cellular ependymoma,Zelluläres Ependymom,,cellular ependymoma (WHO grade II),,A00.radlex
RID4060,radlex,clear cell ependymoma,Klarzellependymom,,clear cell ependymoma (WHO grade II),,A00.radlex
RID4062,radlex,papillary ependymoma,Papilläres Ependymom,,papillary ependymoma (WHO grade II),,A00.radlex
RID4064,radlex,tanycytic ependymoma,Tanzytisches Ependymom,,tanycytic ependymoma (WHO grade II),,A00.radlex
RID4066,radlex,anaplastic ependymoma,Anaplastisches Ependymom,,anaplastic ependymoma (WHO grade III)|ependymoma (WHO grade III),,A00.radlex
RID4069,radlex,malignant optic glioma of adulthood,Malignes Optikusgliom des Erwachsenen,,MOGA,,A00.radlex
RID4071,radlex,mixed glioma,Mischgliom,,,,A00.radlex
RID4072,radlex,oligoastrocytoma,Oligoastrozytom,,oligoastrocytoma (WHO grade II),,A00.radlex
RID4074,radlex,anaplastic oligoastrocytoma,Anaplastisches Oligoastrozytom,,anaplastic oligoastrocytoma (WHO grade III),,A00.radlex
RID4076,radlex,ependymoastrocytoma,Ependymastrozytom,,,,A00.radlex
RID4077,radlex,oligodendroglial neoplasm,Oligodendroglialer Tumor,,,Oligodendrogliales Neoplasma,A00.radlex
RID4078,radlex,oligodendroglioma,Oligodendrogliom,,oligodendroglioma (WHO grade II),,A00.radlex
RID4080,radlex,anaplastic oligodendroglioma,Anaplastisches Oligodendrogliom,,anaplastic oligodendroglioma (WHO grade III),,A00.radlex
RID4084,radlex,choroid plexus carcinoma,Plexuskarzinom,,choroid plexus carcinoma (WHO grade III-IV),Karzinom des Plexus choroideus,A00.radlex
RID4086,radlex,choroid plexus papilloma,Plexuspapillom,,choroid plexus papilloma (WHO grade I),Papillom de Plexus choroideus,A00.radlex
RID4090,radlex,meningioma WHO grade I,Meningeom (WHO Grad I),,meningioma (WHO grade I),,A00.radlex
RID4091,radlex,angiomatous meningioma,Angiomatöses Meningeom,,angiomatous meningioma (WHO grade I),,A00.radlex
RID4093,radlex,fibrous meningioma,Fibröses Meningeom,,fibroblastic meningioma|fibrous meningioma (WHO grade I),,A00.radlex
RID4096,radlex,lymphoplasmacyte-rich meningioma,Lymphoplasmazellenreiches Meningeom,,lymphoplasmacyte-rich meningioma (WHO grade I),,A00.radlex
RID4098,radlex,meningothelial meningioma,Meningotheliales Meningeom,,meningothelial meningioma (WHO grade I),,A00.radlex
RID4100,radlex,metaplastic meningioma,Metaplastisches Meningeom,,metaplastic meningioma (WHO grade I),,A00.radlex
RID4102,radlex,microcystic meningioma,Mikrozystisches Meningeom,,microcystic meningioma (WHO grade I),,A00.radlex
RID4104,radlex,psammomatous meningioma,Psammomatöses Meningeom,,psammomatous meningioma (WHO grade I),,A00.radlex
RID4106,radlex,secretory meningioma,Sekretorisches Meningeom,,secretory meningioma (WHO grade I),,A00.radlex
RID4108,radlex,transitional meningioma,Transitionales Meningeom,,mixed meningioma|transitional meningioma (WHO grade I),,A00.radlex
RID4111,radlex,meningioma WHO grade II,Meningeom (WHO Grad II),,meningioma (WHO grade II),,A00.radlex
RID4112,radlex,atypical meningioma,Atypisches Meningeom,,atypical meningioma (WHO grade II),,A00.radlex
RID4114,radlex,chordoid meningioma,Chordoides Meningeom,,chordoid meningioma (WHO grade II),,A00.radlex
RID4116,radlex,clear cell meningioma,Klarzellmeningeom,,clear cell meningioma (WHO grade II),,A00.radlex
RID4118,radlex,meningioma WHO grade III,Meningeom (WHO Grad III),,meningioma (WHO grade III),,A00.radlex
RID4119,radlex,anaplastic meningioma,Anaplastisches Meningeom,,anaplastic meningioma (WHO grade III),,A00.radlex
RID4121,radlex,papillary meningioma,Papilläres Meningeom,,papillary meningioma (WHO grade III),,A00.radlex
RID4123,radlex,rhabdoid meningioma,Rhabdoides Meningeom,,rhabdoid meningioma (WHO grade III),,A00.radlex
RID4125,radlex,cartilage-forming neoplasm,Knorpelbildende Neoplasie,,,,A00.radlex
RID4126,radlex,chondroma,Chondrom,,,,A00.radlex
RID4128,radlex,enchondroma,Enchondrom,,,,A00.radlex
RID4131,radlex,Maffucci syndrome,Maffucci Syndrom,,,,A00.radlex
RID4132,radlex,periosteal chondroma,Periostales Chondrom,,juxtacortical chondroma,Juxtakortikales Chondrom,A00.radlex
RID4135,radlex,chondromyxoid fibroma,Chondromyxoides Fibrom,,,,A00.radlex
RID4136,radlex,osteochondroma,Osteochondrom,,,,A00.radlex
RID4137,radlex,hereditary multiple exostoses,Multiple hereditäre Exostosen,,,,A00.radlex
RID4138,radlex,osteochondromatosis,Osteochondromatose,,,,A00.radlex
RID4139,radlex,synovial osteochondromatosis,Synoviale Osteochondromatose,,,,A00.radlex
RID4140,radlex,chondrosarcoma,Chondrosarkom,,,,A00.radlex
RID4141,radlex,juxtacortical chondrosarcoma,Juxtakortikales Chondrosarkom,,,,A00.radlex
RID4142,radlex,clear cell chondrosarcoma,Klarzellchondrosarkom,,,,A00.radlex
RID4143,radlex,mesenchymal chondrosarcoma,Mesenchymales Chondrosarkom,,,,A00.radlex
RID4144,radlex,dedifferentiated chondrosarcoma,Dedifferenziertes Chondrosarkom,,,,A00.radlex
RID4145,radlex,myxoid chondrosarcoma,Myxoides Chondrosarkom,,,,A00.radlex
RID4146,radlex,chordoma,Chordom,,,,A00.radlex
RID4147,radlex,craniopharyngioma,Kraniopharyngeom,,craniopharyngioma (WHO grade I),,A00.radlex
RID4149,radlex,cystic mucinous and/or serous neoplasm,"zystisches, muzinöses und/oder seröses Neoplasma",,"cystic, mucinous, and/or serous neoplasm",,A00.radlex
RID4150,radlex,cystadenoma,Zystadenom,,,,A00.radlex
RID4151,radlex,mucinous cystadenoma,Muzinöses Zystadenom,,,,A00.radlex
RID4152,radlex,papillary cystadenoma,Papilläres Zystadenom,,,,A00.radlex
RID4153,radlex,cystadenocarcinoma,Zystadenokarzinom,,,,A00.radlex
RID4155,radlex,papillary cystadenocarcinoma,Papilläres Zystadenokarzinom,,,,A00.radlex
RID4156,radlex,serous cystadenocarcinoma,Seröses Zystadenokarzinom,,,,A00.radlex
RID4157,radlex,intraductal papillary mucinous neoplasm,Intraduktale papilläre muzinöse Neoplasie,,IPMN|IPMT|intraductal papillary mucinous tumor,,A00.radlex
RID4161,radlex,mucinous adenocarcinoma,Muzinöses Adenokarzinom,,,,A00.radlex
RID4162,radlex,pseudomyxoma peritonei,Pseudomyxoma peritonei,,,,A00.radlex
RID4163,radlex,pancreatic cystic neoplasm,Zystische Neoplasie des Pankreas,,,,A00.radlex
RID4164,radlex,mucinous cystic neoplasm,Muzinöses Zystadenokarzinom,,macrocystic adenoma|mucinous cystadenocarcinoma|mucinous macrocystic neoplasm,Muzinöse zystische Neoplasie,A00.radlex
RID4169,radlex,serous cystadenoma,Seröses Zystadenom,,glycogen-rich cystadenoma|microcystic adenoma|serous microcystic neoplasm,,A00.radlex
RID4173,radlex,solid and papillary epithelial neoplasm,Solide und papilläre epitheliale Neoplasie,,SPEN|papillary cystic tumor|solid pseudopapillary neoplasm,,A00.radlex
RID4179,radlex,adamantinoma,Adamantinom,,,,A00.radlex
RID4180,radlex,adenomatoid odontogenic tumor,Adenomatoider odontogener Tumor,,,,A00.radlex
RID4181,radlex,ameloblastic fibro-odontoma,Ameloblastisches Fibroodontom,,,,A00.radlex
RID4182,radlex,ameloblastic fibrodentinoma,Ameloblastisches Fibrodentinom,,,,A00.radlex
RID4183,radlex,ameloblastic fibroma,Ameloblastisches Fibrom,,,,A00.radlex
RID4184,radlex,ameloblastic fibrosarcoma,Ameloblastisches Fibrosarkom,,,,A00.radlex
RID4185,radlex,ameloblastic odontosarcoma,Ameloblastisches Odontosarkom,,,,A00.radlex
RID4187,radlex,ameloblastoma,Ameloblastom,,,,A00.radlex
RID4188,radlex,calcifying epithelial odontogenic tumour,Kalzifizierender epithelialer odontogener Tumor,,,,A00.radlex
RID4189,radlex,calcifying odontogenic cyst,Kalizifizierende odontogene Zyste,,,,A00.radlex
RID4193,radlex,central odontogenic fibroma,Zentrales odontogenes Fibrom,,,,A00.radlex
RID4194,radlex,clear cell odontogenic tumor,Klarzelliger odontogener Tumor,,,,A00.radlex
RID4195,radlex,complex odontoma,Komplexes Odontom,,,,A00.radlex
RID4196,radlex,compound odontoma,Compound-Odontom,,,,A00.radlex
RID4197,radlex,gigantiform cementoma,Gigantiformes Zementom,,,,A00.radlex
RID4198,radlex,granular cell odontogenic tumor,Odontogener Granularzelltumor,,,,A00.radlex
RID4199,radlex,malignant odontogenic ghost cell tumor,Maligner odontogener Geisterzellentumor,,malignant odontogenic ghost cell tumour,,A00.radlex
RID4200,radlex,odontoameloblastoma,Odontoameloblastom,,,,A00.radlex
RID4201,radlex,odontogenic carcinosarcoma,Odontogenes Karzinosarkom,,,,A00.radlex
RID4202,radlex,odontogenic ghost cell tumor,Odontogener Geisterzellentumor,,odontogenic ghost cell tumour,,A00.radlex
RID4205,radlex,benign odontogenic tumour,Gutartiger odontogener Tumor,,"odontogenic tumour, benign",,A00.radlex
RID4206,radlex,malignant odontogenic tumor,Bösartiger odontogener Tumor,,"odontogenic tumor, malignant",,A00.radlex
RID4207,radlex,odontoma,Odontom,,,,A00.radlex
RID4208,radlex,peripheral odontogenic fibroma,Peripheres odontogenes Fibrom,,,,A00.radlex
RID4209,radlex,squamous odontogenic tumor,Squamöser odontogener Tumor,,,,A00.radlex
RID4214,radlex,adrenal cortical adenoma,Nebennierenadenom,,,,A00.radlex
RID4215,radlex,hepatocellular adenoma,Hepatozelluläres Adenom,,,,A00.radlex
RID4216,radlex,juxtaglomerular tumor,Juxtaglomerulärer Tumor,,reninoma,,A00.radlex
RID4218,radlex,metanephric adenoma,Metanephrisches Adenom,,,,A00.radlex
RID4219,radlex,nephrogenic adenoma,Nephrogenes Adenom,,,,A00.radlex
RID4220,radlex,pituitary adenoma,Hyophysenadenom,,,,A00.radlex
RID4221,radlex,pituitary macroadenoma,Hypophysenmakroadenom,,,,A00.radlex
RID4222,radlex,pituitary microadenoma,Hypophysenmikroadenom,,,,A00.radlex
RID4223,radlex,tubular adenoma,Tubuläres Adenom,,,,A00.radlex
RID4224,radlex,tubulovillous adenoma,Tubulovillöses Adenom,,,,A00.radlex
RID4225,radlex,villous adenoma,Villöses Adenom,,,,A00.radlex
RID4227,radlex,adenoid cystic carcinoma,Adenoidzystisches Karzinom,,,,A00.radlex
RID4228,radlex,ductal adenocarcinoma,Duktales Adenokarzinom,,,,A00.radlex
RID4229,radlex,squamous adenocarcinoma,Squamöses Adenokarzinom,,,,A00.radlex
RID4233,radlex,papillary renal adenocarcinoma,Papilläres renales Adenokarzinom,,,,A00.radlex
RID4234,radlex,nonpapillary renal adenocarcinoma,Nicht-papilläres Nierenzellkarzinom,,,,A00.radlex
RID4235,radlex,clear cell adenocarcinoma,Klarzelliges Adenokarzinom,,,,A00.radlex
RID4236,radlex,chromophobe adenocarcinoma,Chromophobes Nierenzellkarzinom,,,,A00.radlex
RID4237,radlex,oncocytic adenocarcinoma,Onkozytisches Adenomkarzinom,,,Onkozytom,A00.radlex
RID4238,radlex,adenolymphoma,Adenolymphom,,Warthin tumor,cystadenoma lymphomatosum,A00.radlex
RID4241,radlex,adenosquamous carcinoma,Adenosquamöses Karzinom,,adenosquamous neoplasm,ASC,A00.radlex
RID4248,radlex,anaplastic thyroid carcinoma,Anaplastisches Schilddrüsenkarzinom,,,,A00.radlex
RID4249,radlex,clear cell carcinoma,Klarzellkarzinom,,,,A00.radlex
RID4250,radlex,embryonal cell carcinoma,Embryonalzellkarzinom,,,,A00.radlex
RID4252,radlex,giant cell carcinoma,Riesenzellkarzinom,,,,A00.radlex
RID4253,radlex,large cell carcinoma,Großzelliges Karzinom,,,,A00.radlex
RID4254,radlex,mucoepidermoid carcinoma,Mukoepidermoides Karzinom,,,,A00.radlex
RID4255,radlex,pituitary carcinoma,Hyophysenkarzinom,,,,A00.radlex
RID4256,radlex,small cell carcinoma,Kleinzelliges Karzinom,,oat cell carcinoma,,A00.radlex
RID4258,radlex,solid carcinoma,Solides Karzinom,,,,A00.radlex
RID4259,radlex,squamous cell carcinoma,Plattenepithelkarzinom,,,,A00.radlex
RID4260,radlex,spindle cell squamous carcinoma,Spindelzellkarzinom,,polypoid carcinoma|pseudosarcoma|spindle cell carcinoma,,A00.radlex
RID4265,radlex,carcinoma in situ,Carcinoma in situ,,,,A00.radlex
RID4266,radlex,cholangiocarcinoma,Cholangiokarzinom,,,,A00.radlex
RID4267,radlex,intrahepatic cholangiocarcinoma,Intrahepatisches Cholangiokarzinom,,ICC,,A00.radlex
RID4269,radlex,collecting duct carcinoma,Sammelgangkarzinom,,Bellini duct carcinoma,Ductus-Bellini- Karzinom,A00.radlex
RID4273,radlex,fibrolamellar hepatocellular carcinoma,fibrolamelläres hepatozelluläres Karzinom,,,,A00.radlex
RID4274,radlex,pancreatic intraepithelial neoplasia,Intraepitheliale Neoplasie des Pankreas,,,,A00.radlex
RID4275,radlex,papilloma,Papillom,,,,A00.radlex
RID4276,radlex,Schneiderian papilloma,Papillom der Schneider'schen Membran,,,,A00.radlex
RID4277,radlex,squamous papilloma,Plattenepithelpapillom,,,,A00.radlex
RID4281,radlex,cloacogenic carcinoma,kloakogenes Karzinom,,,,A00.radlex
RID4282,radlex,tumorlet,Tumorlet,,,,A00.radlex
RID4283,radlex,fibroepithelial neoplasm,Fibroepitheliale Neoplasie,,,,A00.radlex
RID4284,radlex,adenofibroma,Adenofibrom,,,,A00.radlex
RID4289,radlex,fibroma,Fibrom,,,,A00.radlex
RID4290,radlex,nonossifying fibroma,nicht-verknöchertes Fibrom,,,NOF,A00.radlex
RID4291,radlex,desmoid,Desmoid-Tumor,,aggressive fibromatosis,,A00.radlex
RID4295,radlex,desmoplastic fibroma,Desmoplastisches Fibrom,,,,A00.radlex
RID4296,radlex,juvenile aponeurotic fibroma,Juveniles aponeurotisches Fibrom,,,,A00.radlex
RID4297,radlex,infantile dermal fibromatosis,Infantile dermale Fibromatose,,,,A00.radlex
RID4298,radlex,aggressive infantile fibromatosis,aggressive infantile Fibromatose,,,,A00.radlex
RID4299,radlex,infantile myofibromatosis,Infantile Myofibromatose,,,,A00.radlex
RID4300,radlex,fibrosarcoma,Fibrosarkom,,,,A00.radlex
RID4301,radlex,myxoid fibrosarcoma,Myxoides Fibrosarkom,,,,A00.radlex
RID4302,radlex,solitary fibrous tumor,Solitärer fibröser Tumor,,,,A00.radlex
RID4303,radlex,histiocytic or fibrohistiocytic neoplasm,Histiozytische oder fibrozytische Neoplasie,,,,A00.radlex
RID4304,radlex,fibrous histiocytoma,Fibröses Histiozytom,,,,A00.radlex
RID4305,radlex,malignant fibrous histocytoma,Malignes fibröses Histiozytom,,MFH,,A00.radlex
RID4307,radlex,fibromyxosarcoma,Fibromyxosarkom,,myxoid malignant fibrous histiocytoma,,A00.radlex
RID4310,radlex,inflammatory myofibroblastic tumor,Inflammatorischer myofibroblastischer Tumor,,inflammatory fibroblastic tumor,,A00.radlex
RID4313,radlex,fibroelastosis,Fibroelastose,,,,A00.radlex
RID4315,radlex,germinoma,Germinom,,,,A00.radlex
RID4317,radlex,spermatocytic seminoma,Spermatozytisches Seminom,,,,A00.radlex
RID4319,radlex,non-seminomatous germ cell tumor,Nichtseminomatöser Keimzelltumor,,NSGT,,A00.radlex
RID4321,radlex,teratoma,Teratom,,,,A00.radlex
RID4322,radlex,mature teratoma,Reifes Teratom,,,,A00.radlex
RID4323,radlex,immature teratoma,Unreifes Teratom,,,,A00.radlex
RID4324,radlex,choriocarcinoma,Chorionkarzinom,,,,A00.radlex
RID43245,radlex,tube insertion,Einführung des Schlauchs,,tube placement,,A00.radlex
RID43246,radlex,guide wire placement,Platzierung eines Führungsdrahtes,,guide-wire placement,Legen eines Führungsdrahtes,A00.radlex
RID4325,radlex,embryonal carcinoma,Embryonalkarzinom,,,,A00.radlex
RID43255,radlex,consolidation,Konsolidierung,,,,A00.radlex
RID4326,radlex,yolk sac tumor,Dottersacktumor,,endodermal sinus tumor,,A00.radlex
RID43269,radlex,pleural plaque,Pleuraplaque,,asbestos-related pleural disease,,A00.radlex
RID4328,radlex,mixed germ cell tumor,Gemischter Keimzelltumor,,,,A00.radlex
RID4329,radlex,mixed mullerian duct tumor,Müllergangmischtumor,,,,A00.radlex
RID43299,radlex,perilesional steatosis,periläsionale Steatose,,,,A00.radlex
RID4330,radlex,gestational trophoblastic tumor,Chorionkarzinom,,,,A00.radlex
RID43300,radlex,perilesional perfusion alteration,periläsionale Perfusionsänderung,,,,A00.radlex
RID4331,radlex,hydatidiform mole,Blasenmole,,,,A00.radlex
RID4332,radlex,partial hydatidiform mole,Partielle Blasenmole,,,,A00.radlex
RID4333,radlex,placental site trophoblastic tumor,Chorionkarzinom der Plazenta,,PSTT,,A00.radlex
RID4335,radlex,hamartoma,Hamartom,,,,A00.radlex
RID43352,radlex,HCC treatment,Behandlung des hepatozellulären Karzinoms,,,,A00.radlex
RID43369,radlex,GI-bleed,gastrointestinale Blutung,,GI bleed|GI bleeding,,A00.radlex
RID43370,radlex,memory loss,Gedächtnisverlust,,,,A00.radlex
RID4340,radlex,mesenchymal hamartoma,Mesenchymales Hamartom,,,,A00.radlex
RID4341,radlex,fatty neoplasm,Fetthaltige Neoplasie,,,,A00.radlex
RID4343,radlex,angiomyolipoma,Angiomyolipom,,,,A00.radlex
RID4344,radlex,angiolipoma,Angiolipom,,,,A00.radlex
RID4345,radlex,atypical lipoma,Atypisches Lipom,,,,A00.radlex
RID4346,radlex,chondroid lipoma,Chondroides Lipom,,,,A00.radlex
RID4347,radlex,fibrolipoma,Fibrolipom,,,,A00.radlex
RID4348,radlex,fibromyxolipoma,Fibromyxolipom,,,,A00.radlex
RID4349,radlex,hibernoma,Hibernom,,,,A00.radlex
RID4350,radlex,intramuscular lipoma,Intramuskuläres Lipom,,,,A00.radlex
RID4351,radlex,intracortical lipoma,Intrakortikales Lipom,,,,A00.radlex
RID4353,radlex,myelolipoma,Myelolipom,,,,A00.radlex
RID4354,radlex,parosteal lipoma,Parosteales Lipom,,,,A00.radlex
RID4355,radlex,pleomorphic lipoma,Pleomorphes Lipom,,,,A00.radlex
RID4356,radlex,spindle cell lipoma,Spindelzelllipom,,,,A00.radlex
RID43560,radlex,three phase imaging,Dreiphasen-Bildgebung,,3 phase imaging,,A00.radlex
RID43561,radlex,duodenography,Duodenographie,,,,A00.radlex
RID43562,radlex,endoscopic retrograde cholangiopancreatography,endoskopische retrograde Cholangiopankreatikographie,,,,A00.radlex
RID43563,radlex,esophagography,Ösophagographie,,,,A00.radlex
RID43564,radlex,hysterosalpingography,Hysterosalpingographie,,,,A00.radlex
RID43565,radlex,loopogram,Kolon-Kontrast-Einlauf über den abführenden Schenkel eines Anus praeter zur Darstellung des Rektumblindsackes und der Fistel zum Urogenitaltrakt (Loopogramm),,loop-o-gram,,A00.radlex
RID43568,radlex,metastatic bone survey,Skelettszintigraphie zur Suche nach Metastasen,,,,A00.radlex
RID43569,radlex,percutaneous cholangiography,perkutane Cholangiographie,,,,A00.radlex
RID4357,radlex,lipoblastomatosis,Lipoblastomatose,,,,A00.radlex
RID43570,radlex,pyelography,Pyelographie,,,,A00.radlex
RID43572,radlex,urethrography,Urethrographie,,,,A00.radlex
RID43573,radlex,retrograde urethrography,retrograde Urethrographie,,,,A00.radlex
RID43574,radlex,Sitzmarks test,Sitzmarks-Test,,Sitzmark test,,A00.radlex
RID43575,radlex,T-tube cholangiography,Cholangiographie über T-Drainage,,T tube cholangiography,,A00.radlex
RID43576,radlex,cystourethrography,Zystourethrographie,,voiding cystourethrography,,A00.radlex
RID4358,radlex,liposarcoma,Liposarkom,,,,A00.radlex
RID4359,radlex,well differentiated liposarcoma,gut differenziertes Liposarkom,,,,A00.radlex
RID4360,radlex,dedifferentiated liposarcoma,Dedifferenziertes Liposarkom,,,,A00.radlex
RID4361,radlex,mixed liposarcoma,Gemischtes Liposarkom,,,,A00.radlex
RID4362,radlex,fibroblastic liposarcoma,Fibroblastisches Liposarkom,,,,A00.radlex
RID4363,radlex,myxoid liposarcoma,Myxoides Liposarkom,,,,A00.radlex
RID4364,radlex,pleomorphic liposarcoma,Pleomorphes Liposarkom,,,,A00.radlex
RID4365,radlex,round cell liposarcoma,Rundzelliges Liposarkom,,,,A00.radlex
RID4366,radlex,angiomyoliposarcoma,Angiomyoliposarkom,,,,A00.radlex
RID4367,radlex,lipomatous neoplasm,Lipomatöse Neoplasie,,,,A00.radlex
RID4370,radlex,lymphangioma,Lymphangiom,,,,A00.radlex
RID4371,radlex,lymphangiomatosis,Lymphangiomatose,,,,A00.radlex
RID4373,radlex,melanocytic neoplasm,Melanozytische Neoplasie,,,,A00.radlex
RID4374,radlex,melanocytoma,Melanozytom,,,,A00.radlex
RID4377,radlex,mesothelioma,Mesotheliom,,,,A00.radlex
RID4378,radlex,epithelial mesothelioma,Epitheliales Mesotheliom,,,,A00.radlex
RID4379,radlex,fibrous mesothelioma,Fibröses Mesotheliom,,spindle cell mesothelioma,,A00.radlex
RID4381,radlex,biphasic mesothelioma,Biphasisches Mesotheliom,,,,A00.radlex
RID4384,radlex,leiomyomatous neoplasm,Leiomyomatöse Neoplasie,,smooth muscle neoplasm,,A00.radlex
RID4386,radlex,leiomyoblastoma,Leiomyoblastom,,,,A00.radlex
RID4387,radlex,leiomyosarcoma,Leiomyosarkom,,malignant stromal tumor,,A00.radlex
RID4394,radlex,rhabdomyomatous neoplasm,Rhabdomyomatöse Neoplasie,,,,A00.radlex
RID4395,radlex,rhabdomyoma,Rhabdomyom,,,,A00.radlex
RID4396,radlex,rhabdomyosarcoma,Rhabdomyosarkom,,,,A00.radlex
RID4398,radlex,neuroepitheliomatous neoplasm,Neuroepitheliomatöse Neoplasie,,nerve sheath neoplasm,,A00.radlex
RID4402,radlex,embryonal neuroepithelial neoplasm,Embryonales Neuroepitheliom,,embryonal tumor,,A00.radlex
RID4404,radlex,medulloepithelioma,Medulloepitheliom,,medulloepithelioma (WHO grade IV),,A00.radlex
RID4406,radlex,ependymoblastoma,Ependymoblastom,,ependymoblastoma (WHO grade IV),,A00.radlex
RID4410,radlex,classic medulloblastoma,Klassisches Medulloblastom,,,,A00.radlex
RID4411,radlex,desmoplastic medulloblastoma,Desmoplastisches Medulloblastom,,,,A00.radlex
RID4412,radlex,medulloblastoma with extensive nodularity and advanced neuronal differentiation,Medulloblastom mit extensiver Modularität und fortgeschrittener neuronaler Differenzierung,,,,A00.radlex
RID4413,radlex,large cell medulloblastoma,Großzelliges Medulloblastom,,,,A00.radlex
RID4414,radlex,medullomyoblastoma,Medullomyoblastom,,medullomyoblastoma (WHO grade IV),,A00.radlex
RID4416,radlex,melanocytic medulloblastoma,Melanozytisches Medulloblastom,,melanocytic medulloblastoma (WHO grade IV),,A00.radlex
RID4418,radlex,supratentorial primitve neuroectodermal tumor,Supratentorieller primitiver neuroektodermaler Tumor,,PNET|cerebral ganglioneuroblastoma|cerebral medulloblastoma|cerebral neuroblastoma|supratentorial primitve neuroectodermal tumor (WHO grade IV),,A00.radlex
RID4427,radlex,gliomatosis cerebri,Gliomatosis cerebri,,gliomatosis cerebri (WHO grade IV),,A00.radlex
RID4429,radlex,astroblastoma,Astroblastom,,astroblastoma (WHO grade IV),,A00.radlex
RID4431,radlex,peripheral neuroblastic neoplasm,Peripheres Neuroblastische Neoplasie,,,,A00.radlex
RID4432,radlex,esthesioneuroblastoma,Esthesioneuroblastom,,olfactory esthesioneuroblastoma|olfactory neuroblastoma,,A00.radlex
RID4435,radlex,esthesioneuroepithelioma,Esthesioneuroepitheliom,,olfactory neuroepithelioma,,A00.radlex
RID4437,radlex,granular cell myoblastoma,Granularzellmyoblastom,,Abrikossoff tumor|choristoma|granular cell neuroma|granular cell tumor,,A00.radlex
RID4449,radlex,epithelioid peripheral nerve sheath tumor,Epitheloider peripherer Nervenscheidentumor,,,,A00.radlex
RID4450,radlex,glandular peripheral nerve sheath tumor,Glandulärer peripherer Nervenscheidentumor,,,,A00.radlex
RID4451,radlex,Triton tumor,Triton-Tumor,,,,A00.radlex
RID4452,radlex,melanotic peripheral nerve sheath neoplasm,Melanotischer peripherer Nervenscheidentumor,,,,A00.radlex
RID4453,radlex,melanotic psammomatous peripheral nerve sheath tumor,Melanotischer psammomatöser peripherer Nervenscheidentumor,,,,A00.radlex
RID4456,radlex,intermixed ganglioneuroblastoma,gemischt Ganglioneuroblastom,,"Schwannian stroma-rich peripheral neuroblastic neoplasm|ganglioneuroblastoma, intermixed",,A00.radlex
RID4460,radlex,nodular ganglioneuroblastoma,noduläres Ganglioneuroblastom,,"composite Schwannian stroma-rich and stroma-poor peripheral neuroblastic neoplasm|ganglioneuroblastoma, nodular",,A00.radlex
RID4464,radlex,circumscribed neurofibroma,Umschriebenes Neurofibrom,,solitary neurofibroma,,A00.radlex
RID4466,radlex,plexiform neurofibroma,Plexiformes Neurofibrom,,,,A00.radlex
RID4467,radlex,perineurioma,Perineurinom,,perineurioma (WHO grade I)|perineuroma,,A00.radlex
RID4470,radlex,intraneural perineurioma,Intraneurales Perineurinom,,,,A00.radlex
RID4471,radlex,soft tissue perineurioma,Weichteil-Perineurinom,,,,A00.radlex
RID4473,radlex,schwannoma,Schwannom,,neurilemoma|neurinoma|schwannoma (WHO grade I),,A00.radlex
RID4478,radlex,cellular schwannoma,Zelluläres Schwannom,,,,A00.radlex
RID4479,radlex,melanotic schwannoma,Melanotisches Schwannom,,,,A00.radlex
RID4480,radlex,plexiform schwannoma,Plexiformes Schwannom,,,,A00.radlex
RID4481,radlex,acoustic schwannoma,Akustikus-Schwannom,,acoustic neuroma,,A00.radlex
RID4483,radlex,neuroendocrine neoplasm,Neuroendokrine Neoplasie,,,,A00.radlex
RID4484,radlex,gastrinoma,Gastrinom,,,,A00.radlex
RID4485,radlex,glucagonoma,Glukagonom,,,,A00.radlex
RID4486,radlex,insulinoma,Insulinom,,,,A00.radlex
RID4487,radlex,islet cell tumor,Inselzelltumor,,,,A00.radlex
RID4488,radlex,medullary carcinoma,Medulläres Karzinom,,,,A00.radlex
RID4489,radlex,nonhyperfunctioning neuroendocrine tumor,Nicht-hyperfunktioneller neuroendokriner Tumor,,,,A00.radlex
RID4490,radlex,pineal parenchymal neoplasm,Pineale parenchymale Neoplasie,,,,A00.radlex
RID4491,radlex,pineoblastoma,Pineoblastom,,pineoblastoma (WHO grade IV),,A00.radlex
RID4493,radlex,pineocytoma,Pineozytom,,pineocytoma (WHO grade I),,A00.radlex
RID4495,radlex,pineal parenchymal tumor of intermediate differentiation,Pinealer Parenchymtumor mit mittelgradiger Differenzierung,,pineal parenchymal tumor of intermediate differentiation (WHO grade II),,A00.radlex
RID4497,radlex,somatostatinoma,Somatostatinom,,,,A00.radlex
RID4498,radlex,VIPoma,Vipom,,,,A00.radlex
RID4499,radlex,neuronal or mixed neuronal-glial neoplasm,Neuronale oder gemischte neuronale-gliale Neoplasie,,,,A00.radlex
RID4502,radlex,desmoplastic infantile astrocytoma,Desmoplastisches infantiles Astrozytom,,desmoplastic infantile ganglioglioma,,A00.radlex
RID4504,radlex,dysembryoplastic neuroepithelial tumor,Dysembryoplastischer neuroepithelialer Tumor,,DNT,,A00.radlex
RID4511,radlex,ganglioglioma,Gangliogliom,,,,A00.radlex
RID4523,radlex,stromal neoplasm or complex mixed neoplasm,Stromale oder komplex gemischte Neoplasie,,complex mixed and/or stromal neoplasm,,A00.radlex
RID4526,radlex,adenosarcoma,Adenosarkom,,,,A00.radlex
RID4528,radlex,carcinosarcoma,Karzinosarkom,,,,A00.radlex
RID4529,radlex,embryonal sarcoma,Embryonales Sarkom,,,,A00.radlex
RID4533,radlex,mesenchymoma,Mesenchymom,,,,A00.radlex
RID4539,radlex,cystic nephroma,Zystisches Nephrom,,,,A00.radlex
RID4540,radlex,cystic partially differentiated nephroblastoma,Zystisches partiell differenziertes Nephroblastom,,CPDN,,A00.radlex
RID4557,radlex,clear cell sarcoma,Klarzellsarkom,,,,A00.radlex
RID4559,radlex,biphasic synovial sarcoma,Biphasisches Synovialsarkom,,,,A00.radlex
RID4560,radlex,epithelioid cell synovial sarcoma,Epitheloidzelliges Synovialsarkom,,,,A00.radlex
RID4561,radlex,spindle cell synovial sarcoma,Spindelzelliges Synovialsarkom,,,,A00.radlex
RID4564,radlex,disorder caused by drugs or toxins,Erkrankung verursacht durch Medikamente oder Toxine,,,,A00.radlex
RID45641,radlex,shunt detection,Nachweis eines Shunts,,,,A00.radlex
RID4565,radlex,alkaline-induced disorder,Alkali-induzierte Erkrankung,,,,A00.radlex
RID45659,radlex,babygram,Babygramm,,,,A00.radlex
RID4566,radlex,alkaline encrustation,Alkalische Verkrustung,,,,A00.radlex
RID4567,radlex,caustic-induced disorder,durch Veräntzung entstandene Erkrankung,,,,A00.radlex
RID45672,radlex,fungal microabscess,Mikroabszess durch Pilzinfektion,,,,A00.radlex
RID4568,radlex,alcohol-induced disorder,Alkohol-induzierte Erkrankung,,,,A00.radlex
RID4569,radlex,drug-induced disorder,Medikamenteninduzierte Erkrankung,,,,A00.radlex
RID45693,radlex,blood pool imaging,Bildgebung in  Bloodpool- phase,,,,A00.radlex
RID45698,radlex,surgical biopsy,chirurgische Biopsie,,,,A00.radlex
RID4570,radlex,disorder due to drug abuse,Erkrankung durch Medikamentenabusus,,,,A00.radlex
RID45700,radlex,needle localization,Lokalisation der Nadel,,,,A00.radlex
RID45705,radlex,galactography,Galaktographie (Milchgangdarstellung),,ductography,,A00.radlex
RID4571,radlex,disorder due to chemotherapeutic drug,Erkrankung durch Chemotherapeutika,,,,A00.radlex
RID45710,radlex,endoscopy,Endoskopie,,,,A00.radlex
RID45711,radlex,catheter insertion,Einbrigen eines Katheters,,catheter placement|catheterization,Legen des Katheters,A00.radlex
RID45714,radlex,fistulography,Fistulographie,,fistulogram,,A00.radlex
RID45715,radlex,sinography,Sinographie,,,,A00.radlex
RID45716,radlex,laryngography,Laryngographie,,,,A00.radlex
RID45717,radlex,pharyngography,Pharyngographie,,,,A00.radlex
RID45718,radlex,videography,Videographie,,video,,A00.radlex
RID45719,radlex,diaphragm functional imaging,funktionelle Bildgebung des Zwerchfells,,sniff test,,A00.radlex
RID4572,radlex,ingestion-induced disorder,Ingestionsinduzierte Veränderung,,,,A00.radlex
RID4573,radlex,lye-induced disorder,Laugen-induzierte Veränderung,,,,A00.radlex
RID4574,radlex,inhalation-induced disorder,Inhalationsinduzierte Veränderung,,,,A00.radlex
RID45744,radlex,cancer of unknown primary,Krebserkrankung mit unbekanntem Primärtumor,,,,A00.radlex
RID4575,radlex,carbon monoxide toxicity,Karbonmonoxid Toxizität,,,,A00.radlex
RID4576,radlex,toxic gas inhalation,Toxische Gasinhalation,,,,A00.radlex
RID45768,radlex,nephroureterostomy,Ureterostomie,,,,A00.radlex
RID4577,radlex,nonoxidant gas inhalation,Nicht-Oxidative Gasinhalation,,,,A00.radlex
RID45774,radlex,chest pain,Brustschmerzen,,,,A00.radlex
RID45778,radlex,evaluate transplant,Beurteilung des Transplantats,,,,A00.radlex
RID4578,radlex,oxidant gas inhalation,Oxidative Gasinhalation,,,,A00.radlex
RID4579,radlex,nonoxidant aerosol inhalation,Nicht-Oxidative Aerosolinhalation,,,,A00.radlex
RID45793,radlex,hyperthyroidism,Hyperthyreose,,,,A00.radlex
RID4580,radlex,smoke inhalation,Rauchinhalation,,,,A00.radlex
RID45801,radlex,workers' compensation-related imaging,Bildgebung im Zusammenhang mit Unfallversicherung,,workers' comp-related imaging,,A00.radlex
RID45803,radlex,attempted imaging procedure,Versuch einer Bildaufnahme,,,,A00.radlex
RID4581,radlex,poisoning,Vergiftung,,,,A00.radlex
RID4582,radlex,insecticide poisoning,Insektizidvergiftung,,,,A00.radlex
RID4583,radlex,herbicide poisoning,Herbizidvergiftung,,,,A00.radlex
RID4584,radlex,Spanish toxic oil syndrome,Spanisches toxisches Öl Syndrom,,,,A00.radlex
RID4585,radlex,fluorocarbon poisoning,Fluorokarbonvergiftung,,,,A00.radlex
RID4586,radlex,hydrocarbon poisoning,Hydrokarbonvergiftung,,,,A00.radlex
RID4587,radlex,radiation-induced disorder,Strahlenbedingte Veränderung,,,,A00.radlex
RID4588,radlex,radiation enteritis,Strahlenbedingte Enteritis,,,,A00.radlex
RID4589,radlex,chondroradionecrosis,Strahlennekrose des Knorpelgewebes,,,,A00.radlex
RID4590,radlex,iatrogenic disorder,Iatrogene Störung oder Erkrankung,,,,A00.radlex
RID4591,radlex,postoperative change,Postoperative Veränderung,,post-operative change,,A00.radlex
RID4592,radlex,fat packing,Fett-Plombe,,,,A00.radlex
RID4593,radlex,postoperative complication,Postoperative Komplikation,,post-operative complication,,A00.radlex
RID4594,radlex,afferent loop syndrome,Afferent-loop Syndrom,,,,A00.radlex
RID4595,radlex,efferent loop syndrome,Efferent-loop Syndrom,,,,A00.radlex
RID4596,radlex,alkaline reflux gastritis,Alkalische Refluxgastritis,,,,A00.radlex
RID4597,radlex,anastomotic leak,Anastomoseninsuffizienz,,staple line leak,,A00.radlex
RID4599,radlex,anastomotic narrowing,Anastomosenenge,,,,A00.radlex
RID4600,radlex,blind loop syndrome,Syndrom der blinden Schlinge,,,,A00.radlex
RID46008,radlex,neuronavigation,Neuronavigation,,,,A00.radlex
RID4601,radlex,blind pouch syndrome,Syndrom des blinden Sackes,,,,A00.radlex
RID4602,radlex,cystic duct syndrome,Cystic-duct Syndrom,,,,A00.radlex
RID46021,radlex,septal thickening,verdickte Septen,,,,A00.radlex
RID46026,radlex,airway abnormality,Anomalie der Luftwege,,,,A00.radlex
RID46027,radlex,bronchial wall thickening,Verdickung der Bronchialwand,,,,A00.radlex
RID46028,radlex,airway ectasia,Ektasie der Luftwege,,,Bronchiektase|Bronchiolektase,A00.radlex
RID46029,radlex,luminal narrowing,Verengung des Lumens,,narrowing of lumen,,A00.radlex
RID4603,radlex,hardware failure,Materialversagen,,,,A00.radlex
RID46030,radlex,mosaic oligemia,Mosaik-Oligämie,,,,A00.radlex
RID46033,radlex,retraction,Retraktion,,,,A00.radlex
RID46034,radlex,pleural retraction,Retraktion der Pleura,,,,A00.radlex
RID46038,radlex,congenital anomaly of skeletal bone,angeborene Fehlbildung der Skelettknochen,,,,A00.radlex
RID4604,radlex,improper placement,Fehllage,,,,A00.radlex
RID46042,radlex,hormone disorder,Hormonstörung,,hormonal disorder|hormone production disorder,,A00.radlex
RID4605,radlex,failed back surgery syndrome,Failed back-surgery Syndrom,,failed back,,A00.radlex
RID46063,radlex,speech pathology,Sprechstörung,,,,A00.radlex
RID46064,radlex,single-contrast imaging,Einfachkontrastuntersuchung,,single contrast imaging,,A00.radlex
RID46065,radlex,double-contrast imaging,Doppelkontrastuntersuchung,,double contrast imaging,,A00.radlex
RID46069,radlex,positive-contrast imaging,Kontrastdarstellung mit positivem Kontrastmittel,,positive contrast imaging,,A00.radlex
RID4607,radlex,Hofmeister defect,Hofmeister Defekt,,,,A00.radlex
RID46070,radlex,feeding tube placement,Legen der Magensonde,,G-tube placement,,A00.radlex
RID46071,radlex,feeding tube advancement,Vorschieben der Magensonde,,,,A00.radlex
RID46072,radlex,therapy infusion,Arzneimittelinfusion,,,,A00.radlex
RID46073,radlex,lumbar puncture,Lumbalpunktion,,spinal tap,,A00.radlex
RID4608,radlex,postpericardiotomy syndrome,Postperikardiotomie-Syndrom,,,,A00.radlex
RID4609,radlex,short bowel syndrome,Kurzdarm-Syndrom,,short-gut syndrome,,A00.radlex
RID4611,radlex,stump blowout,Stumpfruptur,,,,A00.radlex
RID4612,radlex,suture granuloma,Narbengranulom,,,,A00.radlex
RID4613,radlex,endoleak,Endoleckage,,,Endoleak,A00.radlex
RID4614,radlex,stent malposition,Stentfehllage,,,,A00.radlex
RID4615,radlex,shunt dysfunction,Shuntdysfunktion,,,,A00.radlex
RID4616,radlex,orthopedic device problem,Orthopädisches Material-Problem,,,,A00.radlex
RID4617,radlex,polyethylene wear,Polyethylen Abnutzung,,,,A00.radlex
RID4618,radlex,arthroplasty device complication,Arthroplastie-Materialkomplikation,,,,A00.radlex
RID4619,radlex,arthroplasty loosening,Arthroplastielockerung,,arthroplasty subsidence,,A00.radlex
RID4621,radlex,fixator problem,Fixateurproblem,,,,A00.radlex
RID4622,radlex,pin loosening,Schraubenlockerung,,,,A00.radlex
RID4623,radlex,fixator break,Materialbruch,,,,A00.radlex
RID4624,radlex,pin-track infection,Bohrkanalinfektion,,,,A00.radlex
RID4625,radlex,valve pressure reset,Zurücksetzen des Ventildrucks,,,,A00.radlex
RID4626,radlex,subglottal stenosis,Subglottische Stenose,,subglottic stenosis,,A00.radlex
RID4629,radlex,injury due to known mechanism,Verletzung durch bekanntem Mechanismus,,,,A00.radlex
RID4632,radlex,hyperflexion injury,Hyperflexionsverletzung,,,,A00.radlex
RID4633,radlex,penetrating injury,Penetrierende Verletzung,,,,A00.radlex
RID4634,radlex,injury due to missile,Schussverletzung,,,,A00.radlex
RID4635,radlex,blunt injury,Stumpfe Verletzung,,,,A00.radlex
RID4636,radlex,rotation injury,Rotationsverletzung,,,,A00.radlex
RID4637,radlex,shear injury,Scherverletzung,,,,A00.radlex
RID4638,radlex,whiplash,Schleudertrauma,,,,A00.radlex
RID4639,radlex,injury due to thermal or electrical trauma,Verletzung durch thermischen oder elektrischen Unfall,,,,A00.radlex
RID4640,radlex,injury due to frostbite,Verletzung durch Erfrierung,,,,A00.radlex
RID4641,radlex,injury due to burn,Verletzung durch Verbrennung,,,,A00.radlex
RID4642,radlex,injury due to chemical trauma,Verletzung durch chemischen Unfall,,,,A00.radlex
RID4643,radlex,child abuse,Kindesmißhandlung,,,,A00.radlex
RID4653,radlex,avulsion fracture,Avulsionsfraktur,,,,A00.radlex
RID4654,radlex,bowing fracture,Biegungsfraktur,,,,A00.radlex
RID4655,radlex,burst fracture,Berstungsfraktur,,,,A00.radlex
RID4656,radlex,2-column burst fracture,2 Säulen Berstungsfraktur,,2 column burst fracture,,A00.radlex
RID4657,radlex,3-column burst fracture,3 Säulen Berstungsfraktur,,3 column burst fracture,,A00.radlex
RID4663,radlex,flexion distraction fracture,Flexionsdistraktion-Fraktur,,,,A00.radlex
RID4665,radlex,fracture dislocation,Fraktur Dislokation,,,,A00.radlex
RID4666,radlex,greenstick fracture,Grünholzfraktur,,,,A00.radlex
RID4671,radlex,type 1 hangman fracture,Hangman Fraktur Typ 1,,,,A00.radlex
RID4672,radlex,type 2 hangman fracture,Hangman Fraktur Typ 2,,,,A00.radlex
RID4673,radlex,type 3 hangman fracture,Hangman Fraktur Typ 3,,,,A00.radlex
RID4680,radlex,type 1 occipital condyle fracture,Okzipitale Kondylenfraktur Typ 1,,,,A00.radlex
RID4681,radlex,type 2 occipital condyle fracture,Okzipitale Kondylenfraktur Typ 2,,,,A00.radlex
RID4682,radlex,type 3 occipital condyle fracture,Okzipitale Kondylenfraktur Typ 3,,,,A00.radlex
RID4683,radlex,pathologic fracture,Pathologische Fraktur,,,,A00.radlex
RID4684,radlex,Salter-Harris fracture,Salter-Harris Fraktur,,,,A00.radlex
RID4685,radlex,Salter-Harris type I fracture,Salter-Harris Fraktur Typ I,,,,A00.radlex
RID4686,radlex,Salter-Harris type II fracture,Salter-Harris Fraktur Typ II,,,,A00.radlex
RID4687,radlex,Salter-Harris type III fracture,Salter-Harris Fraktur Typ III,,,,A00.radlex
RID4688,radlex,Salter-Harris type IV fracture,Salter-Harris Fraktur Typ IV,,,,A00.radlex
RID4689,radlex,Salter-Harris type V fracture,Salter-Harris Fraktur Typ V,,,,A00.radlex
RID4690,radlex,Salter type VI fracture,Salter Fraktur Typ VI,,,,A00.radlex
RID4691,radlex,Salter type VII fracture,Salter Fraktur Typ VII,,,,A00.radlex
RID4692,radlex,Salter type VIII fracture,Salter Fraktur Typ VIII,,,,A00.radlex
RID4693,radlex,Salter type IX fracture,Salter Fraktur Typ IX,,,,A00.radlex
RID4695,radlex,stress fracture,Stressfraktur,,,,A00.radlex
RID4697,radlex,torus fracture,Wulstfraktur,,buckle fracture,,A00.radlex
RID4699,radlex,wedge compression fracture,Keilförmige Kompressionfraktur,,,,A00.radlex
RID4701,radlex,apoplexy,Apoplexie,,,,A00.radlex
RID4702,radlex,contusion,Kontusion,,,,A00.radlex
RID4703,radlex,hemarthrosis,Hämarthros,,,,A00.radlex
RID4710,radlex,subarachnoid hemorrhage,Subarachnoidalblutung,,SAH|subarach hem,,A00.radlex
RID4712,radlex,transection,Transsektion,,,,A00.radlex
RID4715,radlex,avulsion,Avulsion,,,,A00.radlex
RID4717,radlex,annular tear of intervertebral disc,Faserriss der Bandscheibe,,HIZ|annular fissure|high intensity zone,Anulus-fibrosus-Einriss,A00.radlex
RID4721,radlex,radial annular tear of intervertebral disc,Radialer Faserriss der Bandscheibe,,,Radialer Anulus-fibrosus-Einriss,A00.radlex
RID4722,radlex,transverse annular tear of intervertebral disc,Schräger Faserriss der Bandscheibe,,,Transversaler Anulus-fibrosus-Einriss,A00.radlex
RID4723,radlex,concentric annular tear of intervertebral disc,Konzentrischer Faserriss der Bandscheibe,,,Konzentrischer Anulus-fibrosus-Einriss,A00.radlex
RID4724,radlex,radial tear,Radialer Riss,,,,A00.radlex
RID4726,radlex,flap tear,Lappenriss,,,,A00.radlex
RID4727,radlex,healed tear,Verheilter Riss,,,,A00.radlex
RID4728,radlex,intersubstance tear,Spalte zwischen zwei Substanzen,,,,A00.radlex
RID4729,radlex,parrot beak tear,Papageischnabel Riss,,,,A00.radlex
RID4731,radlex,sprain,Verstauchung,,,,A00.radlex
RID4732,radlex,strain,Dehnung,,,,A00.radlex
RID4733,radlex,wound,Wunde,,,,A00.radlex
RID4734,radlex,laceration,Lazeration,,,,A00.radlex
RID4735,radlex,puncture,Stich,,,,A00.radlex
RID4736,radlex,pathophysiologic finding,pathophysiologischer Befund,,pathology,,A00.radlex
RID4738,radlex,mechanical disorder,Mechanische Erkrankung,,anatomic derangement|mechanical abnormality,,A00.radlex
RID4742,radlex,vascular loop compression,Kompression durch Gefäßschlinge,,,Vascular loop Kompression,A00.radlex
RID4749,radlex,diastasis,Diastase,,distraction,,A00.radlex
RID4754,radlex,curvature malposition,Fehlstellung in Form einer Krümmung,,,,A00.radlex
RID4755,radlex,bowing,Beugung,,,,A00.radlex
RID4757,radlex,dextroscoliosis,Dextroskoliose,,,,A00.radlex
RID4758,radlex,levoscoliosis,Levoskoliose,,,,A00.radlex
RID4760,radlex,kyphoscoliosis,Kyphoskoliose,,,,A00.radlex
RID4762,radlex,accentuated lordosis,Akzentuierte Lordose,,,,A00.radlex
RID4763,radlex,loss of lordosis,Aufgehobene Lordose,,,,A00.radlex
RID4765,radlex,flexion deformity,Beugedeformität,,,,A00.radlex
RID4766,radlex,malalignment,Fehlstellung,,misalignment,,A00.radlex
RID4771,radlex,detachment,Ablösung,,,,A00.radlex
RID4772,radlex,retinal detachment,Netzhautablösung,,,,A00.radlex
RID4773,radlex,choroidal detachment,Choroideaablösung,,,,A00.radlex
RID4782,radlex,tilt,Neigung,,,,A00.radlex
RID4787,radlex,prolapse,Prolaps,,,,A00.radlex
RID4790,radlex,procidentia,Uterusprolaps,,,,A00.radlex
RID4795,radlex,ptosis,Ptosis,,,,A00.radlex
RID4797,radlex,displaced substance,Verlagerte Substanz,,,,A00.radlex
RID4798,radlex,displaced gas,Verlagertes Gas,,,,A00.radlex
RID4801,radlex,pneumatosis,Pneumatose,,,,A00.radlex
RID4804,radlex,displaced anatomy,Verlagerte anatomische Struktur,,,,A00.radlex
RID4805,radlex,bone fragment,Knochenfragment,,,,A00.radlex
RID4806,radlex,avulsed bone fragment,Knöchernes Avulsionsfragment,,,,A00.radlex
RID4808,radlex,avulsed meniscal fragment,Meniskusfragment durch Avulsion,,,,A00.radlex
RID48083,radlex,defecography,Defäkographie,,proctography,,A00.radlex
RID48084,radlex,enteroclysis,Enteroklyse,,,,A00.radlex
RID48086,radlex,nephrostography,Darstellung des Nephrostoma,,,,A00.radlex
RID48087,radlex,pouchography,Pouchographie,,,,A00.radlex
RID48088,radlex,sialography,Sialographie,,,,A00.radlex
RID48089,radlex,vesiculography,Vesikulographie,,,,A00.radlex
RID4809,radlex,instability,Instabilität,,,,A00.radlex
RID48092,radlex,Whitaker test,Whitaker-Test,,,,A00.radlex
RID48093,radlex,video urodynamics,Video-Urodynamik,,,,A00.radlex
RID48094,radlex,measurement procedure,Messverfahren,,,,A00.radlex
RID4810,radlex,protuberance,Protuberanz,,,,A00.radlex
RID4811,radlex,rotation disorder,Rotationsstörung,,,,A00.radlex
RID4813,radlex,torsion,Torsion,,,,A00.radlex
RID4814,radlex,spasm,Spasmus,,,,A00.radlex
RID4826,radlex,foreign body embolism,Fremdkörperembolie,,,,A00.radlex
RID4827,radlex,air embolism,Luftembolie,,,,A00.radlex
RID4828,radlex,atheromatous embolism,Atheromatöse Embolie,,cholesterol embolism,,A00.radlex
RID4830,radlex,talc embolism,Talkembolie,,,,A00.radlex
RID4831,radlex,oil embolism,Ölembolie,,,,A00.radlex
RID4832,radlex,methylmethacrylate embolism,Methylmethacrylatembolie,,,,A00.radlex
RID4833,radlex,barium embolism,Bariumembolie,,,,A00.radlex
RID4835,radlex,saddle embolism,Sattelembolien,,,,A00.radlex
RID4838,radlex,tissue embolism,Gewebeembolie,,,,A00.radlex
RID4839,radlex,fat embolism,Fettembolie,,,,A00.radlex
RID4840,radlex,bone marrow embolism,Knochenmarkembolie,,,,A00.radlex
RID4841,radlex,amniotic fluid embolism,Embolie durch Amnionflüssigkeit,,,Fruchtwasserembolie,A00.radlex
RID4842,radlex,tumor embolism,Tumorembolie,,,,A00.radlex
RID4861,radlex,fluid disorder,Flüssigkeitsstörung,,fluid disturbance,,A00.radlex
RID4867,radlex,cardiogenic pulmonary edema,Kardiogenes Lungenödem,,,,A00.radlex
RID4868,radlex,hypervolemic pulmonary edema,Hypervolämisches Lungenödem,,,,A00.radlex
RID4869,radlex,hypoproteinemic pulmonary edema,Hypoproteinämisches Lungenödem,,,,A00.radlex
RID4870,radlex,neurogenic pulmonary edema,Neurogenes Lungenödem,,,,A00.radlex
RID4871,radlex,post-ictal pulmonary edema,Postiktales Lungenödem,,,,A00.radlex
RID4874,radlex,leak,Leck,,leakage,,A00.radlex
RID4876,radlex,intravasation,Intravasation,,,,A00.radlex
RID4877,radlex,extravasation,Extravasation,,,,A00.radlex
RID4879,radlex,urine leak,Urinleck,,urinoma,,A00.radlex
RID4883,radlex,hydrops,Hydrops,,,,A00.radlex
RID4887,radlex,external hydrocephalus,Externer Hydrozephalus,,,,A00.radlex
RID4888,radlex,noncommunicating hydrocephalus,Nicht-kommunizierender Hydrozephalus,,,,A00.radlex
RID4889,radlex,normal-pressure hydrocephalus,Normaldruck Hydrozephalus,,normal pressure hydrocephalus,,A00.radlex
RID4891,radlex,obstructive hydrocephalus,Obstruktiver Hydrozephalus,,,,A00.radlex
RID4892,radlex,lymphocele,Lymphzele,,,,A00.radlex
RID4893,radlex,hygroma,Hygrom,,,,A00.radlex
RID4894,radlex,cystic hygroma,Zystisches Hygrom,,,,A00.radlex
RID4904,radlex,pericecal hernia,Omentale Hernie,,,,A00.radlex
RID4912,radlex,retroanastomotic hernia,Petersen Hernie,,,,A00.radlex
RID4913,radlex,external abdominal hernia,äussere Bauchwandhernie,,,Äussere abdominelle Hernie,A00.radlex
RID4918,radlex,Spigelian hernia,Spieghel Hernie,,,,A00.radlex
RID4919,radlex,lumbar hernia,Lumbale Hernie,,,,A00.radlex
RID4920,radlex,incisional hernia,Inzisionshernie,,,,A00.radlex
RID4925,radlex,pelvic or groin hernia,Hernie der Leiste oder des Beckens,,,,A00.radlex
RID4927,radlex,indirect inguinal hernia,Indirekte Leistenhernie,,,,A00.radlex
RID4928,radlex,direct inguinal hernia,Direkte Leistenhernie,,,,A00.radlex
RID4936,radlex,hernia through esophageal hiatus,Hernie durch Hiatus oesophageus,,,,A00.radlex
RID4937,radlex,hernia through foramen of Bochdalek,Hernie durch Foramen Bochdalek,,,,A00.radlex
RID4947,radlex,pressure disorder,Druckstörung,,,,A00.radlex
RID49474,radlex,cephalography,Zephalographie,,,,A00.radlex
RID49475,radlex,pacemaker insertion,Implantation eines Herzschrittmachers,,pacemaker placement,,A00.radlex
RID49478,radlex,swallowing function assessment,Beurteilung der Schluckfunktion,,swallowing function,,A00.radlex
RID49479,radlex,actionable finding,Befund mit praktischer Relevanz,,,,A00.radlex
RID49480,radlex,category 1 actionable finding,Befund der Kategorie 1,,ACR-1 actionable finding,,A00.radlex
RID49481,radlex,category 2 actionable finding,Befund der Kategorie 2 (weniger kritisch als Kategorie 1),,ACR-2 actionable finding,,A00.radlex
RID49482,radlex,category 3 actionable finding,Befund der Kategorie 3 (Zufallsbefund oder unerwarteter Befund),,ACR-3 actionable finding,,A00.radlex
RID49522,radlex,focal prostatitis,fokale Prostatitis,,,,A00.radlex
RID49523,radlex,diffuse prostatitis,diffuse Prostatitis,,,,A00.radlex
RID4953,radlex,compartment syndrome,Kompartment-Syndrom,,,,A00.radlex
RID49565,radlex,splenoportography,Splenoportographie,,,,A00.radlex
RID49569,radlex,venous sampling,venöse Probenentnahme,,,,A00.radlex
RID49584,radlex,x-ray angiography,Röntgen-Angiographie,,,,A00.radlex
RID49587,radlex,central venous catheter exchange,Wechsel des zentralen Venenkatheters,,central venous catheter replacement,,A00.radlex
RID49588,radlex,central venous catheter removal,Entfernen des zentralen Venenkatheters,,,,A00.radlex
RID49589,radlex,catheter exchange,Wechsel des Katheters,,catheter replacement,,A00.radlex
RID49590,radlex,dosimetry,Dosimetrie,,,,A00.radlex
RID49591,radlex,vascular treatment procedure,vaskuläres Behandlungsverfahren,,treatment procedure,,A00.radlex
RID49592,radlex,venous treatment procedure,venöses Behandlungsverfahren,,,,A00.radlex
RID49593,radlex,endovenous laser treatment,endovenöse Lasertherapie,,,,A00.radlex
RID49594,radlex,in vitro fertilization,In-vitro-Fertilisation,,in-vitro fertilization,,A00.radlex
RID49595,radlex,lymphedema,Lymphödem,,,,A00.radlex
RID49596,radlex,manometry,Manometrie,,,,A00.radlex
RID49597,radlex,phlebotomy,Phlebotomie,,,,A00.radlex
RID49598,radlex,rectal dysfunction,Funktionsstörung des Rektums,,,,A00.radlex
RID49599,radlex,procedure simulation,Simulation des Verfahrens,,simulation,,A00.radlex
RID4960,radlex,flow disorder,Flussstörung,,,,A00.radlex
RID49600,radlex,injection treatment,Injektionsbehandlung,,,,A00.radlex
RID49601,radlex,steroid injection,Steroid-Injektion,,,,A00.radlex
RID49602,radlex,musculoskeletal surgery,muskuloskeletale Chirurgie,,,,A00.radlex
RID49603,radlex,tenotomy,Tenotomie,,,,A00.radlex
RID49604,radlex,thrombin injection,Thrombininjektion,,,,A00.radlex
RID49606,radlex,muscular disorder,Muskelerkrankung,,,,A00.radlex
RID49607,radlex,trigger point,Triggerpunkt,,,,A00.radlex
RID49608,radlex,vertebral fracture,Wirbelkörperfraktur,,,Wirbelfraktur,A00.radlex
RID49615,radlex,removal of vascular calculus,Entfernen eines Steins aus einem Gefäß,,calculus removal,,A00.radlex
RID49617,radlex,dialysis fistula,Dialysefistel,,dialysis shunt,,A00.radlex
RID49618,radlex,central venous catheter placement,Platzierung eines zentralen Venenkatheters,,,Legen des zentralen Venenkatheters,A00.radlex
RID49620,radlex,device repair,Reparatur eines Geräts,,,,A00.radlex
RID49621,radlex,device exchange,Wechsel des Materials,,device replacement,,A00.radlex
RID49622,radlex,central venous catheter repair,Reparatur des zentralen Venenkatheters,,,,A00.radlex
RID49623,radlex,device repositioning procedure,Neupositionierung des Materials,,,,A00.radlex
RID49624,radlex,filter placement,Setzen des Filters,,,,A00.radlex
RID49625,radlex,filter removal,Entfernen des Filters,,,,A00.radlex
RID49626,radlex,filter repositioning,erneutes Positionieren des Filters,,,,A00.radlex
RID49627,radlex,foreign body retrieval,Entfernen eines Fremdkörpers,,,,A00.radlex
RID49628,radlex,gastrostomy-jejunostomy tube placement,Legen der Magen-/Jejunalsonde,,G-J tube insertion|G-J tube placement|gastrostomy-jejunostomy tube insertion,,A00.radlex
RID49629,radlex,gastrostomy-jejunostomy tube removal,Entfernen der Magen-/Jejunalsonde,,G-J tube removal,,A00.radlex
RID49630,radlex,long tube insertion,Einführung eines langen Tubus,,,,A00.radlex
RID49631,radlex,wire placement,Legen des Drahtes,,,Drahtplatzierung,A00.radlex
RID49632,radlex,check tube,Prüfschlauch,,,,A00.radlex
RID49633,radlex,transcatheter biopsy,Biopsie durch einen Katheter,,,,A00.radlex
RID49634,radlex,substance removal,Entfernen der Substanz,,,,A00.radlex
RID49635,radlex,blood removal,Blutentnahme,,,,A00.radlex
RID49642,radlex,small bowel loop diversion,Harnableitung über ein Dünndarmsegment,,,,A00.radlex
RID49643,radlex,urinary pouch,Pouch zur Harnableitung,,,,A00.radlex
RID49649,radlex,procedure paradigm,Verfahrensparadigma,,,,A00.radlex
RID49650,radlex,language paradigm,Sprachparadigma,,language,,A00.radlex
RID49651,radlex,motor paradigm,motorisches Paradigma,,,,A00.radlex
RID49655,radlex,pharmacologic intervention,pharmakologische Intervention,,,,A00.radlex
RID49656,radlex,transhepatic cholangiography,transhepatische Cholangiographie,,,,A00.radlex
RID49657,radlex,hemodynamic evaluation,hämodynamische Beurteilung,,,,A00.radlex
RID4966,radlex,Bouveret syndrome,Bouveret Syndrom,,,,A00.radlex
RID49663,radlex,gastrostomy-jejunostomy tube exchange,Wechsel der Magen-/Jejunalsonde,,gastrostomy-jejunostomy tube replacement,,A00.radlex
RID49664,radlex,gastric feeding tube exchange,Wechsel der Magensonde,,G-tube exchange|G-tube replacement|gastric feeding tube replacement,,A00.radlex
RID49665,radlex,device conversion,Umrüstung eines Geräts bzw. Änderung eines Materials,,,,A00.radlex
RID49666,radlex,G--tube to G-J tube conversion,Umrüstung einer Magensonde in eine gastrojejunale Sonde,,,,A00.radlex
RID49667,radlex,nephrostomy tube exchange,Austausch des Nephrostomie-Drainage,,nephrostomy exchange|nephrostomy tube replacement,,A00.radlex
RID49668,radlex,nephroureteral stent exchange,Austausch des Harnleiter-Stents,,nephroureteral stent replacement,,A00.radlex
RID49669,radlex,percutaneous cholecystostomy,perkutane Cholezystostomie,,,,A00.radlex
RID49671,radlex,tube exchange,Wechsel des Schlauchs,,,,A00.radlex
RID49673,radlex,tunneled catheter placement,Platzierung eines getunnelten Katheters,,tunneled,Legen des Katheters mit Tunnel,A00.radlex
RID49674,radlex,non-tunneled catheter placement,Platzierung eines nicht-getunnelten Katheters,,non-tunneled,Legen des Katheters ohne Tunnel,A00.radlex
RID49675,radlex,typically benign calcification,typisch benigne Verkalkung,,,,A00.radlex
RID49676,radlex,suspicious calcification,verdächtige Verkalkung,,,,A00.radlex
RID4968,radlex,imperforation,Atresie,,,,A00.radlex
RID49680,radlex,calcifications in a mass,Verkalkungen in einer Masse,,,,A00.radlex
RID49681,radlex,calcifications outside of a mass,Verkalkungen außerhalb einer Masse,,,,A00.radlex
RID49682,radlex,intraductal calcifications,intraduktale Verkalkungen,,,,A00.radlex
RID4969,radlex,shunt,Shunt,,,,A00.radlex
RID49690,radlex,simple cyst,einfache Zyste,,,,A00.radlex
RID49691,radlex,postsurgical fluid collection,postoperative Flüssigkeitsansammlung,,post-operative collection|post-surgical fluid collection|postoperative collection,,A00.radlex
RID49692,radlex,fat necrosis,Fettgewebsnekrose,,,,A00.radlex
RID49707,radlex,postoperative seroma/hematoma with fat,postoperatives Serom/Hämatom mit Fett,,,,A00.radlex
RID4971,radlex,left-to-right shunt,Link-Rechts Shunt,,,,A00.radlex
RID4972,radlex,right-to-left shunt,Rechts-Links Shunt,,,,A00.radlex
RID4973,radlex,steal syndrome,Subklavia-Steal Syndrom,,,Anzapf-Syndrom|Steal-Syndrom,A00.radlex
RID49730,radlex,lymphangiography,Lymphographie,,,,A00.radlex
RID49737,radlex,catheter removal,Entfernen des Katheters,,,,A00.radlex
RID49738,radlex,catheter reposition,erneutes Legen des Katheters,,,,A00.radlex
RID49739,radlex,cholangioscopy,Cholangioskopie,,,,A00.radlex
RID49741,radlex,Denver shunt check,Überprüfung des Denver-Shunts,,,,A00.radlex
RID49742,radlex,Denver shunt placement,Anlegen des Denver-Shunts,,,,A00.radlex
RID49743,radlex,Denver shunt removal,Entfernen des Denver-Shunts,,,,A00.radlex
RID49744,radlex,endograft placement,Implantation eines Endografts,,,,A00.radlex
RID49745,radlex,fibrin sheath removal,Entfernung der Fibrinhülle,,,,A00.radlex
RID49746,radlex,fiducial placement,Anbringen von Markierungspunkten,,,,A00.radlex
RID49747,radlex,ligation,Ligatur,,,,A00.radlex
RID49748,radlex,mechanical thrombectomy,mechanische Thrombektomie,,,,A00.radlex
RID49749,radlex,microwave ablation,Mikrowellenablation,,,,A00.radlex
RID4975,radlex,patent ductus arteriosus,Persistierender Ductus arteriosus,,,,A00.radlex
RID49750,radlex,nephrostomy placement,Legen der Nephrostomie,,,,A00.radlex
RID49751,radlex,nephroureteral stent removal,Entfernen des Harnleiter-Stents,,,,A00.radlex
RID49752,radlex,percutaneous nephroureteral stent placement,perkutane Implantation eines Harnleiter-Stents,,,,A00.radlex
RID49753,radlex,percutaneous nephroureteral stent removal,perkutanes Entfernen eines Harnleiter-Stents,,,,A00.radlex
RID49754,radlex,percutaneous nephroureteral tube removal,perkutanes Entfernen einer Harnleiterschiene,,,,A00.radlex
RID49755,radlex,percutaneous sympathectomy,perkutane Sympathektomie,,,,A00.radlex
RID49756,radlex,percutaneous transhepatic biliary drainage,perkutane transhepatische Cholangiodrainage,,,,A00.radlex
RID49757,radlex,percutaneous transluminal angioplasty,perkutane transluminale Angioplastie,,,,A00.radlex
RID49758,radlex,peripherally inserted central catheter exchange,Wechsel eines peripher eingeführten zentralen Venenkatheters,,,,A00.radlex
RID49759,radlex,peripherally inserted central catheter placement,Legen eines peripher eingeführten zentralen Venenkatheters,,PICC line insertion,,A00.radlex
RID4976,radlex,perfusion disorder,Perfusionsstörung,,,,A00.radlex
RID49760,radlex,device revision,Revision der Materiallage,,,,A00.radlex
RID49761,radlex,Denver shunt revision,Revision eines Denver-Shunts,,,,A00.radlex
RID49762,radlex,percutaneous transhepatic biliary revision,perkutane transhepatische Cholangiographie,,,,A00.radlex
RID49763,radlex,transjugular intrahepatic portosystemic shunt revision,Überprüfung des transjugulären intrahepatischen portosystemischen Shunts,,TIPS revision,,A00.radlex
RID49764,radlex,transjugular intrahepatic portosystemic shunt placement,Anlage des transjugulären intrahepatischen portosystemischen Shunts,,TIPS placement,,A00.radlex
RID49765,radlex,port exchange,Wechsel des Ports,,,,A00.radlex
RID49766,radlex,ureterostomy exchange,Wechsel des Urostomas,,,,A00.radlex
RID49767,radlex,port placement,Implantation des Ports,,,,A00.radlex
RID49768,radlex,Swan-Ganz catheter placement,Legen des Swan-Ganz-Katheters,,,,A00.radlex
RID49769,radlex,port removal,Entfernen des Ports,,,,A00.radlex
RID4977,radlex,hypoperfusion,Hypoperfusion,,,,A00.radlex
RID49770,radlex,port repair,Reparatur des Ports,,,,A00.radlex
RID49771,radlex,stab phlebectomy,Miniphlebektomie,,ambulatory phlebectomy|microphlebectomy|stab avulsion,,A00.radlex
RID49772,radlex,dilation procedure,Dilatationsverfahren,,,,A00.radlex
RID49773,radlex,stricture dilation,Dilatation der Striktur,,,,A00.radlex
RID49774,radlex,transcatheter stent placement,Implantation des Stents durch einen Katheter,,,,A00.radlex
RID49775,radlex,transhepatic tube revision,Überprüfung des transhepatischen Tubus,,,,A00.radlex
RID49776,radlex,vertebral augmentation,Augmentation der Wirbelkörper,,,,A00.radlex
RID49777,radlex,core needle biopsy,Stanzbiopsie,,core biopsy|core biopsy procedure|needle core biopsy,,A00.radlex
RID49779,radlex,imaging without then with pharmacologic agent,Bildgebung ohne und anschließend mit pharmakologischer Substanz,,,,A00.radlex
RID4978,radlex,hyperperfusion,Hyperperfusion,,,,A00.radlex
RID4979,radlex,perfusion defect,Perfusionsdefekt,,,,A00.radlex
RID49790,radlex,device retrieval,Bergung von /Fremd-)Material,,,,A00.radlex
RID49791,radlex,catheter retrieval,Auffinden des Katheters,,,Katheterbergung,A00.radlex
RID4980,radlex,TIMI grade 0: no perfusion,TIMI Grad 0: keine Perfusion,,,,A00.radlex
RID4981,radlex,TIMI grade 1: penetration without perfusion,TIMI Grad 1: Penetration ohne Perfusion,,,,A00.radlex
RID4982,radlex,TIMI grade 2: partial perfusion,TIMI Grad 2: Partielle Perfusion,,,,A00.radlex
RID4983,radlex,TIMI grade 3: complete perfusion,TIMI Grad 3: Komplette Perfusion,,,,A00.radlex
RID49831,radlex,tube replacement,Austausch des Schlauchs,,,,A00.radlex
RID49832,radlex,J-tube placement,Legen der Jejunostomie-Sonde,,,,A00.radlex
RID49836,radlex,deep needle biopsy,Feinnadelbiopsie,,,,A00.radlex
RID49838,radlex,tissue sampling,Entnahme einer Gewebeprobe,,,,A00.radlex
RID4984,radlex,retention,Retention,,,,A00.radlex
RID49840,radlex,fetal non-stress test,Ruhe-CTG während der Schwangerschaft,,fetal heart rate monitoring,,A00.radlex
RID49850,radlex,radiosurgery,Radiochirurgie,,,,A00.radlex
RID49857,radlex,device replacement,Austausch eines Geräts oder eines Materials,,replacement,,A00.radlex
RID49860,radlex,anteversion,Anteversion,,,,A00.radlex
RID49866,radlex,deep biopsy,tiefe Biopsie,,,,A00.radlex
RID49871,radlex,superficial biopsy,oberflächliche Biopsie,,,,A00.radlex
RID49872,radlex,superficial needle biopsy,oberflächliche Nadelbiopsie,,,,A00.radlex
RID4989,radlex,gallstone,Gallenstein,,,,A00.radlex
RID5000,radlex,calcium stone,Kalziumstein,,,,A00.radlex
RID5001,radlex,cystine stone,Zystinstein,,,,A00.radlex
RID5002,radlex,uric acid stone,Uratstein,,,,A00.radlex
RID5003,radlex,xanthine stone,Xanthinstein,,,,A00.radlex
RID5004,radlex,matrix stone,Matrixstein,,,,A00.radlex
RID5005,radlex,oxalate stone,Oxalatstein,,,,A00.radlex
RID5006,radlex,infection stone,Infektstein,,,,A00.radlex
RID5007,radlex,Indinavir stone,Indinavirstein,,,,A00.radlex
RID5008,radlex,bladder calculus,Blasenkalkulus,,bladder stone|calculus of urinary bladder|cystolith|cystolithiasis|vesical calculus,,A00.radlex
RID5012,radlex,microlith,Mikrostein,,,,A00.radlex
RID5013,radlex,cast,Gips,,,,A00.radlex
RID5015,radlex,inspissation,Eindickung,,,,A00.radlex
RID5018,radlex,congenital stenosis,Angeborene Stenose,,coarctation,,A00.radlex
RID5022,radlex,stricture,Striktur,,fibrous stenosis,,A00.radlex
RID5024,radlex,web,Netz,,,,A00.radlex
RID5027,radlex,Schatzki ring,Schatzki-Ring,,,,A00.radlex
RID5029,radlex,central spinal stenosis,Zentrale Spinalkanalstenose,,,,A00.radlex
RID5030,radlex,mild central spinal stenosis,Minimale zentrale Spinalkanalstenose,,,,A00.radlex
RID5031,radlex,moderate central spinal stenosis,Mäßige zentrale Spinalkanalstenose,,,,A00.radlex
RID5032,radlex,severe central spinal stenosis,Ausgeprägte zentrale Spinalkanalstenose,,,,A00.radlex
RID5033,radlex,subarticular spinal stenosis,Subartikuläre Spinalkanalstenose,,,,A00.radlex
RID5034,radlex,foraminal spinal stenosis,Foraminale Spinalkanalstenose,,,Foramenstenose|Neuroforamenstenose,A00.radlex
RID5037,radlex,thrombus,Thrombus,,,,A00.radlex
RID5039,radlex,peptic ulcer,Peptisches Ulkus,,,,A00.radlex
RID5043,radlex,degenerative disorder,Degenerative Erkrankung,,degenerative disease,,A00.radlex
RID5045,radlex,degeneration,Degeneration,,,,A00.radlex
RID5048,radlex,demyelinating disease,demyelinisierende Erkrankung,,demyelination|myelinolysis,,A00.radlex
RID5050,radlex,central pontine myelinolysis,Zentrale pontine Myelinolyse,,CPM,,A00.radlex
RID5052,radlex,extrapontine myelinolysis,Extrapontine Myelinolyse,,EPM,,A00.radlex
RID5054,radlex,denervation,Denervierung,,,,A00.radlex
RID5056,radlex,hypoxic-ischemic encephalopathy,Hypoxisch-ischämische Hirnschädigung,,HIE,Hypoxisch-ischämische Enzephalopathie,A00.radlex
RID5058,radlex,toxic encephalopathy,Toxische Enzephalopathie,,,,A00.radlex
RID5059,radlex,kernicterus,Kernikterus,,BIND Bilirubin encephalopathy|bilirubin-induced encephalopathy|bilirubin-induced neurologic dysfunction|kemicterus,,A00.radlex
RID5064,radlex,hyperammonemic encephalopathy,Hyperammonämische Enzephalopathie,,,,A00.radlex
RID5065,radlex,Wernicke encephalopathy,Wernicke Enzephalopathie,,,,A00.radlex
RID5066,radlex,Wallerian degeneration,Wallersche Degeneration,,,,A00.radlex
RID5067,radlex,fragmentation,Fragmentierung,,,,A00.radlex
RID5069,radlex,diffuse idiopathic skeletal hyperostosis,Diffuse idiopathische Skeletthyperostose,,DISH|Forrestier disease,,A00.radlex
RID5072,radlex,enthesophyte,Enthesophyt,,,,A00.radlex
RID5074,radlex,neuropathic joint,Neuropathisches Gelenk,,Charcot joint,,A00.radlex
RID5078,radlex,periosteal osteophyte,Periostaler Osteophyt,,,,A00.radlex
RID5079,radlex,marginal osteophyte,Marginaler Osteophyt,,,,A00.radlex
RID5080,radlex,osteophytosis,Osteophytose,,,,A00.radlex
RID5081,radlex,central osteophyte,Zentraler Osteophyt,,,,A00.radlex
RID5087,radlex,disc dessication,Bandscheibenflüssigkeitsminderung,,,,A00.radlex
RID5088,radlex,disc height loss,Höhenminderung der Bandscheibe,,,,A00.radlex
RID5089,radlex,disc bulge,Bandscheibenvorwölbung,,bulging disc,Bandscheibenprotrusion,A00.radlex
RID5091,radlex,disc protrusion,Bandscheibenprotrusion,,,,A00.radlex
RID5092,radlex,focal disc protrusion,Fokale Bandscheibenprotrusion,,,,A00.radlex
RID5093,radlex,broad based disc protrusion,Breitbasige Bandscheibenprotrusion,,,,A00.radlex
RID5094,radlex,disc extrusion,Bandscheibenextrusion,,,,A00.radlex
RID5095,radlex,focal disc extrusion,Fokale Bandscheibenextrusion,,,,A00.radlex
RID5096,radlex,broad based disc extrusion,Breitbasige Bandscheibenextrusion,,,,A00.radlex
RID5097,radlex,sequestrated disc fragment,Bandscheibensequester,,disc sequestrate|disc sequestration|disc sequestrum|free disc fragment|sequestered disc fragment,,A00.radlex
RID5104,radlex,migrated disc extrusion,Sequestrierte Bandscheibenextrusion,,,,A00.radlex
RID5105,radlex,intervertebral osteochondrosis,Intervertebrale Osteochondrose,,chronic discopathy|deteriorated disc,,A00.radlex
RID5110,radlex,type 1 Endplate marrow change,Typ 1 Endplattenmarkveränderungen,,Modic 1 endplate marrow change,,A00.radlex
RID5112,radlex,type 2 Endplate marrow change,Typ 2 Endplattenmarkveränderungen,,Modic 2 endplate marrow change,,A00.radlex
RID5114,radlex,type 3 Endplate marrow change,Typ 3 Endplattenmarkveränderungen,,Modic 3 endplate marrow change,,A00.radlex
RID5124,radlex,myxomatous degeneration,Myxomatöse Degeneration,,,,A00.radlex
RID5126,radlex,ataxia telangiectasia,Louis-Bar-Syndrom,,Louis-Barr syndrome,,A00.radlex
RID5128,radlex,amyotrophic lateral sclerosis,Amyotrophe Lateralsklerose,,ALS,,A00.radlex
RID5130,radlex,cerebrotendinous xanthomatosis,Zerebrotendinöse Xanthomatose,,,,A00.radlex
RID5131,radlex,Cockayne Syndrome,Cockayne-Syndrom,,,,A00.radlex
RID5132,radlex,cerebellar olivary degeneration,Olivopontozerebelläre Atrophie,,,,A00.radlex
RID5133,radlex,cortical basal ganglionic degeneration,kortikobasale Degeneration,,CBGD|cortical-basal ganglionic degeneration|corticobasal ganglionic degeneration,,A00.radlex
RID5135,radlex,deep grey nuclei disorder,Erkrankung der tiefen grauen Kerngebiete,,,,A00.radlex
RID5137,radlex,Alzheimer disease,Morbus Alzheimer,,DAT|dementia Alzheimer type,,A00.radlex
RID5140,radlex,frontotemporal dementia,Frontotemporale Demenz,,FTD|Pick disease,,A00.radlex
RID5142,radlex,dementia with Lewy bodies,Lewy-Körperchen-Demenz,,,,A00.radlex
RID5143,radlex,dementia pugilistica,Chronisch traumatische Enzephalopathie,,boxer syndrome|chronic traumatic encephalopathy|pugilistic Parkinson syndrome|punch-drunk syndrome,,A00.radlex
RID5148,radlex,multi-infarct dementia,Multi-Infarkt Demenz,,,,A00.radlex
RID5149,radlex,Dyke-Davidoff-Masson syndrome,Dyke-Davidoff-Masson Syndrom,,cerebral hemiatrophy,,A00.radlex
RID5152,radlex,Friedreich ataxia,Friedreich Ataxie,,,,A00.radlex
RID5155,radlex,hypertrophic olivary degeneration,Hypertrophe Olivendegeneration,,HOD,,A00.radlex
RID5157,radlex,Machado-Joseph disease,Machado-Joseph-Erkrankung,,,,A00.radlex
RID5161,radlex,neurosyphilis,Neurosyphilis,,,,A00.radlex
RID5162,radlex,olivopontocerebellar degeneration,Olivopontozerebelläre Degeneration,,,,A00.radlex
RID5163,radlex,Parkinson disease,Morbus Parkinson,,,,A00.radlex
RID5165,radlex,progressive supranuclear palsy,Progressive supranukleäre Paralyse,,,,A00.radlex
RID5166,radlex,Rett syndrome,Rett-Syndrom,,,,A00.radlex
RID5167,radlex,subacute combined degeneration of spinal cord,Subakute kombinierte Rückenmarksdegeneration,,,,A00.radlex
RID5168,radlex,vacuolar myelopathy of HIV,Vacuoläre Myelopathie bei HIV,,,Vaskuläre Myelopathie bei HIV,A00.radlex
RID5169,radlex,Wernig-Hoffman disease,Werdnig-Hoffmann Krankheit,,,,A00.radlex
RID5170,radlex,phthisis bulbi,Phthisis bulbi,,,,A00.radlex
RID5176,radlex,infarction of spleen causing small nonfunctioning spleen,"geschrumpfte, funktionslose Milz infolge eines Milzinfarktes",,autosplenectomy|infarction of spleen causing small non-functioning spleen,,A00.radlex
RID5181,radlex,dysbaric osteonecrosis,Dysbarische Osteonekrose,,,,A00.radlex
RID5184,radlex,Theimann disease,Morbus Thiemann,,,,A00.radlex
RID5187,radlex,deposition,Ablagerung,,,,A00.radlex
RID5189,radlex,focal amyloid deposition,Fokale Amyloidablagerung,,amyloidoma|localized amyloidosis,,A00.radlex
RID5191,radlex,crystal deposition,Kristallablagerung,,,,A00.radlex
RID5192,radlex,monosodium urate deposition,Mononatriumuratablagerung,,,,A00.radlex
RID5193,radlex,tophus,Tophus,,,,A00.radlex
RID5194,radlex,mineral deposition disorder,Mineralablagerung,,mineralization,,A00.radlex
RID5197,radlex,milk of calcium,Kalkmilchzysten,,,,A00.radlex
RID5199,radlex,milk of calcium bile,Kalkmilchgalle,,limy bile syndrome,,A00.radlex
RID5201,radlex,optic nerve drusen,Drusen des Sehnerven,,,,A00.radlex
RID5203,radlex,iron overload,Eisenüberladung,,hemosiderosis,,A00.radlex
RID5205,radlex,hemochromatosis,Hämochromatose,,,,A00.radlex
RID5206,radlex,transfusional siderosis,Transfusionsbedingte Siderose,,,,A00.radlex
RID5207,radlex,fluorosis,Fluorose,,,,A00.radlex
RID5208,radlex,pigment deposition,Pigmentablagerung,,,,A00.radlex
RID5211,radlex,superficial siderosis,Oberflächliche Siderose,,,,A00.radlex
RID5212,radlex,glycogen deposition,Glykogenspeicherung,,,,A00.radlex
RID5213,radlex,glycogenic acanthosis,Glykogenische Akanthose,,,,A00.radlex
RID5214,radlex,cholesterol deposition,Cholesterolablagerung,,,,A00.radlex
RID5215,radlex,cholesterolosis,Cholesterinose,,,,A00.radlex
RID5216,radlex,fat deposition,Fettablagerung,,,,A00.radlex
RID5217,radlex,steatosis,Fettleber,,fatty liver,,A00.radlex
RID5219,radlex,lipomatous infiltration,Lipomatöse Infiltration,,lipomatosis,,A00.radlex
RID5221,radlex,xanthoma,Xanthom,,,,A00.radlex
RID5222,radlex,resorption,Resorption,,,,A00.radlex
RID5224,radlex,ossification of posterior longitudinal ligament,Ossifikation des posterioren Längsbandes,,OPLL,,A00.radlex
RID5226,radlex,heterotopic ossification,Heterotope Ossifikation,,,,A00.radlex
RID5227,radlex,sclerosis,Sklerose,,,,A00.radlex
RID5229,radlex,acrosclerosis,Akrosklerose,,,,A00.radlex
RID5230,radlex,disease spread,Erkrankungsausbreitung,,,,A00.radlex
RID5232,radlex,metastasis by lymphatic and interstitial infiltration,Metastasierung durch lymphatische und interstitielle Infiltration,,lymphangitic carcinomatosis,,A00.radlex
RID5234,radlex,direct extension,Direkte Ausdehnung,,,,A00.radlex
RID5235,radlex,lymphangitic spread,Lymphangitische Ausbreitung,,,,A00.radlex
RID5236,radlex,hematogenous spread,Hämatogene Ausbreitung,,,,A00.radlex
RID5237,radlex,perineural spread,Perineurale Ausbreitung,,,,A00.radlex
RID5240,radlex,dyskinesia,Dyskinesie,,,,A00.radlex
RID5241,radlex,biliary dyskinesia,Biliäre Dyskinesie,,Chronic acalculous gallbladder disease,,A00.radlex
RID5244,radlex,delayed emptying,Verzögerte Entleerung,,,,A00.radlex
RID5245,radlex,dumping syndrome,Dumping-Syndrom,,,,A00.radlex
RID5246,radlex,ileus,Ileus,,adynamic ileus,,A00.radlex
RID5248,radlex,eventration,Eventration,,,,A00.radlex
RID5249,radlex,flail,Flatter-,,,,A00.radlex
RID5251,radlex,irritable bowel syndrome,Reizdarm Syndrom,,,,A00.radlex
RID5252,radlex,nonobstructive megacolon,nicht-obstruktives Megakolon,,,,A00.radlex
RID5253,radlex,cathartic colon,dilatiertes Kolon mit reduzierter Haustrierung nach laxantienabusus,,,,A00.radlex
RID5254,radlex,paresis,Parese,,,,A00.radlex
RID5255,radlex,gastroparesis,Gastroparese,,,,A00.radlex
RID5256,radlex,paralysis,Paralyse,,,,A00.radlex
RID5259,radlex,reflux,Reflux,,,,A00.radlex
RID5260,radlex,gastroesophageal reflux,Gastroösophagealer Reflux,,,,A00.radlex
RID5261,radlex,vesicoureteral reflux,Vesikourethraler Reflux,,,,A00.radlex
RID5262,radlex,restricted motion,Eingeschränkte Bewegung,,,,A00.radlex
RID5263,radlex,stasis,Stase,,,,A00.radlex
RID5268,radlex,presbyphagia,Presbyphagie,,,,A00.radlex
RID5272,radlex,meconium ileus,Mekoniumileus,,,,A00.radlex
RID5275,radlex,malabsorption,Malabsorption,,,,A00.radlex
RID5276,radlex,bacterial overgrowth syndrome,Bakterielle Fehlbesiedelung,,,,A00.radlex
RID5280,radlex,tropical sprue,Tropische Sprue,,,,A00.radlex
RID5282,radlex,congenital aganglionosis of colon,Morbus Hirschsprung,,Hirschsprung disease,,A00.radlex
RID5284,radlex,meconium plug,Mekoniumpfropf,,neonatal small left colon syndrome,,A00.radlex
RID5286,radlex,chronic intestinal pseudo-obstruction,Chronische intestinale Pseudo-Obstruktion,,,,A00.radlex
RID5287,radlex,distal intestinal obstruction syndrome,Distales intestinales Obstruktionssyndrom,,DIOS|meconium ileus equivalent,,A00.radlex
RID5291,radlex,intestinal pseudoobstruction,Intestinale Pseudo-Obstruktion,,,,A00.radlex
RID5292,radlex,neuronal intestinal dysplasia,Neuronale intestinale Dysplasie,,NID,,A00.radlex
RID5299,radlex,detrusor hyperreflexia,Detrusorhyperreflexie,,,,A00.radlex
RID5300,radlex,uninhibited bladder,Neurogene Blase,,bladder instability,,A00.radlex
RID5302,radlex,detrusor areflexia,Detrusorareflexie,,,,A00.radlex
RID5307,radlex,renal failure,Nierenversagen,,,,A00.radlex
RID5308,radlex,uremia,Urämie,,,,A00.radlex
RID5309,radlex,azotemia,Azotämie,,,,A00.radlex
RID5312,radlex,interstitial nephritis,Interstitielle Nephritis,,,,A00.radlex
RID5313,radlex,hemolytic uremic syndrome,Hämolytisch-urämisches Syndrom,,,HUS,A00.radlex
RID5315,radlex,reflux nephropathy,Refluxnephropathie,,,,A00.radlex
RID5321,radlex,pulmonary aspiration,Aspiration,,,,A00.radlex
RID5322,radlex,aspiration of solid foreign body,Aspiration eines soliden Fremdkörpers,,,,A00.radlex
RID5323,radlex,aspiration of digestive secretions,Aspiration Verdauungssekret,,,,A00.radlex
RID5324,radlex,aspiration of lipid,Fettaspiration,,,,A00.radlex
RID5325,radlex,aspiration of liquid,Flüssigkeitsaspiration,,aspiration of fluid,,A00.radlex
RID5326,radlex,aspiration of water,Wasseraspiration,,,,A00.radlex
RID5328,radlex,chronic infiltrative lung disease,Chronisch infiltrative Lungenerkrankung,,,,A00.radlex
RID5329,radlex,interstitial pneumonia,Interstitielle Pneumonie,,,,A00.radlex
RID5330,radlex,acute interstitial pneumonia,akute interstitielle Pneumonie,,,,A00.radlex
RID5331,radlex,desquamative interstitial pneumonia,Desquamative interstitielle Pneumonie,,,,A00.radlex
RID5333,radlex,usual interstitial pneumonia,gewöhnliche interstitielle Pneumonie,,,usual interstitial pneumonia,A00.radlex
RID5341,radlex,nonspecific interstitial pneumonia,Nicht-spezifische interstitielle Pneumonie,,,,A00.radlex
RID5342,radlex,lymphocytic interstitial pneumonia,Lymphozytäre interstitielle Pneumonie,,,Lymphozytische interstitielle Pneumonie,A00.radlex
RID5344,radlex,silicosis,Silikose,,,,A00.radlex
RID5345,radlex,progressive massive fibrosis,progressive massive Fibrose,,coal worker pneumoconiosis,,A00.radlex
RID5347,radlex,other silicate pneumoconiosis,Andere Pneumokoniose durch Silikate,,,,A00.radlex
RID5348,radlex,inert dust pneumoconiosis,Pneumokoniosen durch inerte Stäube,,,,A00.radlex
RID5349,radlex,miscellaneous organic dust pneumoconiosis,Pneumokoniosen durch gemischte organische Stäube,,,,A00.radlex
RID5351,radlex,eosinophilic pneumonia,Eosinophile Pneumonie,,,,A00.radlex
RID5353,radlex,disorder of endocrine system,Endokrine Erkrankung,,endocrine disorder,,A00.radlex
RID5354,radlex,hypoglycemia,Hypoglykämie,,,,A00.radlex
RID5358,radlex,condylomata acuminata,Condylomata acuminata,,venereal warts,,A00.radlex
RID5360,radlex,paraneoplastic syndrome,Paraneoplastisches Syndrom,,,,A00.radlex
RID5362,radlex,fracture healing disorder,Störung der Frakturheilung,,,,A00.radlex
RID5363,radlex,fracture nonunion,nicht vereinigte Frakturenden,,,,A00.radlex
RID5364,radlex,fracture malunion,falsch vereinigte Frakturenden,,,,A00.radlex
RID5367,radlex,intraarticular osseous body,Intraartikulärer Knochenkörper,,loose body,,A00.radlex
RID5369,radlex,osteochondrosis,avaskuläre Nekrose,,,,A00.radlex
RID5373,radlex,Group I Legg-Calve-Perthes disease,Legg-Calve-Perthes Krankheit Stadium 1,,,,A00.radlex
RID5374,radlex,Group II Legg-Calve-Perthes disease,Legg-Calve-Perthes Krankheit Stadium 2,,,,A00.radlex
RID5375,radlex,Group III Legg-Calve-Perthes disease,Legg-Calve-Perthes Krankheit Stadium 3,,,,A00.radlex
RID5376,radlex,Group IV Legg-Calve-Perthes disease,Legg-Calve-Perthes Krankheit Stadium 4,,,,A00.radlex
RID5380,radlex,osteochondritis,Osteochondritis,,,,A00.radlex
RID5381,radlex,osteochondritis dissecans,Osteochondrosis dissecans,,,,A00.radlex
RID5382,radlex,osteolysis,Osteolytische Läsion,,osteolytic lesion,Osteolyse,A00.radlex
RID5384,radlex,acroosteolysis,Akroosteolyse,,,,A00.radlex
RID5385,radlex,relapsing polychondritis,Rezidivierende Polychondritis,,,,A00.radlex
RID5386,radlex,bone mineralization disorder,Störung der Knochenmineralisation,,,,A00.radlex
RID5387,radlex,demineralization,Demineralisierung,,,,A00.radlex
RID5389,radlex,osteoporosis,Osteoporose,,,,A00.radlex
RID5390,radlex,transient osteoporosis,Transiente Osteoporose,,,,A00.radlex
RID5395,radlex,ankylosis,Ankylose,,,,A00.radlex
RID5396,radlex,cartilage disorder,Knorpelerkrankung,,,,A00.radlex
RID5397,radlex,cartilage defect,Knorpeldefekt,,,,A00.radlex
RID5398,radlex,chondrocalcinosis,Chondrokalzinose,,,,A00.radlex
RID5399,radlex,chondrolysis,Chondrolyse,,,,A00.radlex
RID5400,radlex,chondromalacia,Chondromalazie,,,,A00.radlex
RID5401,radlex,pseudarthrosis,Pseudarthrose,,,,A00.radlex
RID5402,radlex,overtubulation,übermäßige Tubulation,,,,A00.radlex
RID5411,radlex,bathrocephaly,Stufenschädel,,,Bathrozephalie,A00.radlex
RID5412,radlex,brachycephaly,Brachyzephalie,,,,A00.radlex
RID5413,radlex,dolicocephaly,Dolichozephalie,,,,A00.radlex
RID5415,radlex,oocephalus,Oozephalie,,,,A00.radlex
RID5416,radlex,oxycephaly,Oxyzephalie,,,Oxycephalus,A00.radlex
RID5417,radlex,plagiocephaly,Plagiozephalie,,,,A00.radlex
RID5418,radlex,scaphocephaly,Kahnschädel,,,Skaphozephalie,A00.radlex
RID5419,radlex,turricephaly,Turmschädel,,acrocephalia|acrocephaly|hypsicephaly|steeple head|steeple skull|tower head|tower skull,Turrizephalie,A00.radlex
RID5420,radlex,thyroid acropachy,Thyroidale Akropachie,,,,A00.radlex
RID6259,radlex,closed loop hernia,Closed-Loop-Hernie,,closed-loop hernia,,A00.radlex
RID6260,radlex,incarcerated hernia,inkarzeriert,,,,A00.radlex
RID6261,radlex,strangulated hernia,stranguliert,,,,A00.radlex
RID6339,radlex,fatigue fracture,Ermüdungsfraktur,,fatigue,,A00.radlex
RID6341,radlex,comminuted fracture,gesplittert,,,,A00.radlex
RID6342,radlex,closed fracture,geschlossen,,,,A00.radlex
RID6343,radlex,open fracture,offen,,,,A00.radlex
RID6344,radlex,depression fracture,Depressionsfraktur,,,,A00.radlex
RID6345,radlex,diaphyseal fracture,diaphysär,,,,A00.radlex
RID6347,radlex,periprosthetic fracture,periprothetisch,,,,A00.radlex
RID6350,radlex,neuromuscular fracture,neuromuskulär,,,,A00.radlex
RID6357,radlex,grade I chondromalacia,Grad I,,,,A00.radlex
RID6358,radlex,grade II chondromalacia,Grad II,,,,A00.radlex
RID6359,radlex,grade III chondromalacia,Grad III,,,,A00.radlex
RID6360,radlex,grade IV chondromalacia,Grad IV,,,,A00.radlex
RID7468,radlex,gastrointestinal surgery,gastrointestinale Chirurgie,,,,A00.radlex
RID7469,radlex,genitourinary surgery,Urogenitalchirurgie,,,,A00.radlex
RID7470,radlex,hepatobiliary surgery,hepatobiliäre Chirurgie,,,,A00.radlex
RID7473,radlex,body-system-specific disorder,Systemspezifische Erkrankung des Körpers,,body system specific disorder|body system-specific disorder,,A00.radlex
RID8,radlex,treatment,Behandlung,,therapy,,A00.radlex
RID10371,radlex,angiography,Angiographie,,angio,,A00.radlex
RID10380,radlex,myelography,Myelographie,,,,A00.radlex
RID1541,radlex,ascites,Aszites,,,,A00.radlex
RID28493,radlex,atelectasis,Atelektase,,,,A00.radlex
RID28494,radlex,rounded atelectasis,Rollatelektase,,folded lung|folded lung syndrome|helical atelectasis|pleuroma|round atelectasis,Rundatelektase,A00.radlex
RID28496,radlex,bronchiectasis,Bronchiektase,,,,A00.radlex
RID28497,radlex,bronchiolectasis,Bronchiolektase,,,,A00.radlex
RID28498,radlex,bronchocele,Bronchozele,,,,A00.radlex
RID28499,radlex,bronchiolitis,Bronchiolitis,,,,A00.radlex
RID28506,radlex,collapse,Kollaps,,,,A00.radlex
RID28509,radlex,thickening,Verdickung,,,,A00.radlex
RID28517,radlex,oligemia,Oligämie,,,,A00.radlex
RID28522,radlex,pneumatocele,Pneumatozele,,,,A00.radlex
RID28523,radlex,pneumomediastinum,Mediastinalemphysem,,,Pneumomediastinum,A00.radlex
RID28524,radlex,pneumopericardium,Pneumoperikard,,,,A00.radlex
RID28526,radlex,pulmonary blood flow redistribution,Umverteilung des pulmonalen Blutflusses,,,,A00.radlex
RID28548,radlex,cholangiography,Cholangiographie,,cholangio,,A00.radlex
RID28551,radlex,urography,Urographie,,uro,,A00.radlex
RID28794,radlex,acute abdomen,akutes Abdomen,,acute abd,,A00.radlex
RID28797,radlex,cord compression,Rückenmarkskompression,,cord comp|spinal cord compression,,A00.radlex
RID28799,radlex,interstitial lung disease,interstitielle Lungenerkrankung,,interstitial disease,,A00.radlex
RID28801,radlex,multiple sclerosis,multiple Sklerose,,,,A00.radlex
RID28804,radlex,pulsatile tinnitus,pulsierender Tinnitus,,tinnitus|vascular tinnitus,,A00.radlex
RID28824,radlex,optic neuritis,Optikusneuritis,,,,A00.radlex
RID28827,radlex,chiari malformation,Chiari-Malformation,,chiari|hindbrain hernia,,A00.radlex
RID29058,radlex,Ahlbäck disease,Morbus Ahlbäck,,Ahlback disease|Ahlbaeck disease|SONK|spontaneous osteonecrosis of knee,,A00.radlex
RID29059,radlex,Blount disease,Morbus Blount,,,,A00.radlex
RID29060,radlex,Brailsford disease,Morbus Morquio,,,,A00.radlex
RID29061,radlex,Buchman disease,Buchmann-Krankheit,,,,A00.radlex
RID29062,radlex,Burns disease,Burns-Krankheit,,,,A00.radlex
RID29063,radlex,Caffey disease,Caffey Erkrankung,,,infantile kortikale Hyperostose,A00.radlex
RID29064,radlex,Dias disease,avaskuläre Nekrose des Talus,,Diaz disease,,A00.radlex
RID29065,radlex,Dietrich disease,Morbus Dietrich,,,,A00.radlex
RID29067,radlex,Friedrich disease,Morbus Friedrich (aseptische Knochennekrose am medialen Ende des Schlüsselbeins),,,,A00.radlex
RID29068,radlex,Haas disease,Morbus Haas,,,,A00.radlex
RID29069,radlex,Hicks disease,Hicks-Syndrom,,,,A00.radlex
RID29070,radlex,Iselin disease,Iselin-Krankheit,,,,A00.radlex
RID29072,radlex,Kummel disease,Morbus Kümmel-Verneuil,,,,A00.radlex
RID29074,radlex,Liffert-Arkin disease,avaskuläre Nekrose der distalen Tibia,,,,A00.radlex
RID29075,radlex,Mandi disease,Osteochondrose des Trochanter major,,,,A00.radlex
RID29076,radlex,Milch disease,Osteonekrose der Apophyse des Sitzbeins,,,,A00.radlex
RID29078,radlex,Pierson disease,Pierson-Krankheit,,,,A00.radlex
RID29079,radlex,Preiser disease,Morbus Preiser,,,,A00.radlex
RID29082,radlex,Van Neck disease,Morbus van Neck,,,,A00.radlex
RID29104,radlex,apophysitis,Apophysitis,,,,A00.radlex
RID29114,radlex,neurological disorder,neurologische Erkrankung,,disorder of nervous system,,A00.radlex
RID29116,radlex,tuberculosis,Tuberkulose,,TB,,A00.radlex
RID29117,radlex,Bankart deformity,Bankart-Läsion,,,,A00.radlex
RID29118,radlex,Barton fracture,Barton-Fraktur,,,,A00.radlex
RID29120,radlex,chauffeur fracture,Chauffeur-Fraktur,,Hutchinson fracture|backfire fracture|lorry fracture,,A00.radlex
RID29121,radlex,chisel fracture,Meißelfraktur des Radiusköpfchens,,,,A00.radlex
RID29122,radlex,Chopart fracture-dislocation,Chopart-Luxationsfraktur,,,,A00.radlex
RID29123,radlex,clay shoveler's fracture,Schipperkrankheit,,,,A00.radlex
RID29124,radlex,Colles fracture,Colles-Fraktur,,,,A00.radlex
RID29125,radlex,deQuervain dislocation,De-Quervain-Luxationsfraktur,,,,A00.radlex
RID29126,radlex,Desault dislocation,Schulterluxation,,,,A00.radlex
RID29127,radlex,Essex-Lopresti fracture,Essex-Lopresti-Verletzung,,,,A00.radlex
RID29128,radlex,Galeazzi fracture,Galeazzi-Fraktur,,,,A00.radlex
RID29129,radlex,ulnar collateral ligament tear,Ruptur des ulnaren Seitenbands im MCP Gelenk 1,,UCL tear|gamekeeper thumb|skier thumb,Skidaumen (Seitenbandruptur des Daumens),A00.radlex
RID29133,radlex,Jones fracture,Basisfraktur Os metatarsale 5,,,Jones-Fraktur,A00.radlex
RID29134,radlex,Kocher fracture,Kocher-Lorenz-Fraktur,,,,A00.radlex
RID29135,radlex,Little Leaguer elbow,Golfer- oder Werferellenbogen (Epicondylitis humeri ulnaris),,,,A00.radlex
RID29136,radlex,Maisonneuve fracture,Maisonneuve-Fraktur,,,,A00.radlex
RID29137,radlex,Malgaigne fracture,Malgaigne-Fraktur,,,,A00.radlex
RID29139,radlex,march fracture,Marschfraktur,,,,A00.radlex
RID29140,radlex,Monteggia fracture,Monteggia-Fraktur,,,,A00.radlex
RID29141,radlex,Piedmont fracture,Piedmont-Fraktur,,,,A00.radlex
RID29142,radlex,Rolando fracture,Rolando-Fraktur,,,,A00.radlex
RID29144,radlex,Seymour fracture,Seymour-Fraktur,,,,A00.radlex
RID29145,radlex,Shepherd fracture,Shepherd-Fraktur,,,,A00.radlex
RID29146,radlex,sideswipe elbow fracture,Ellenbogenfraktur durch seitlichen Aufprall,,,,A00.radlex
RID29147,radlex,Smith fracture,Smith-Fraktur,,,,A00.radlex
RID29149,radlex,Tillaux fracture,Tillaux-Fraktur,,,,A00.radlex
RID29150,radlex,toddler fracture,Toddler-Fraktur,,,,A00.radlex
RID29151,radlex,tripod fracture,Mittelgesichtsfraktur,,malar fracture|trimalar fracture,,A00.radlex
RID29212,radlex,rim calcification,Randverkalkung,,eggshell calcification,,A00.radlex
RID29213,radlex,coarse calcification,grobe Makroverkalkung,,popcorn calcification|popcorn-like calcification,popcorn-artig,A00.radlex
RID29214,radlex,amorphous calcification,amorphe Verkalkung,,indistinct calcification,,A00.radlex
RID29226,radlex,Bennett fracture,Bennett-Fraktur,,,,A00.radlex
RID3234,radlex,heart disease,Herzerkrankung,,,,A00.radlex
RID3260,radlex,valvular heart disease,Herzklappenerkrankung,,valve disease,,A00.radlex
RID3262,radlex,tricuspid valve disease,Trikuspidalklappeninsuffizienz,,,,A00.radlex
RID3269,radlex,mitral valve prolapse,Barlow Syndrom,,Barlow syndrome|balloon mitral valve|balloon valve|click-murmur syndrome|floppy valve|floppy valve syndrome,Click/Murmur Syndrom|Ballonklappe,A00.radlex
RID3274,radlex,septal defect,Septumdefekt,,,,A00.radlex
RID3277,radlex,ventricular septal defect,Ventrikelseptumdefekt,,VSD,,A00.radlex
RID3285,radlex,arteriosclerosis,Arteriosklerose,,,,A00.radlex
RID3299,radlex,pulmonary hypertension,Pulmonale Hypertonie,,,,A00.radlex
RID3309,radlex,fibromuscular dysplasia,Fibromuskuläre Dysplasie,,,,A00.radlex
RID3310,radlex,thromboangiitis obliterans,Thrombangitis obliterans,,Buerger disease,,A00.radlex
RID3317,radlex,dissection,Dissektion,,vascular dissection,,A00.radlex
RID3320,radlex,aortic dissection,Aortendissektion,,,,A00.radlex
RID3321,radlex,aneurysm,Aneurysma,,,,A00.radlex
RID3331,radlex,pseudoaneurysm,Pseudoaneurysma,,,,A00.radlex
RID3334,radlex,arteriovenous malformation,Arteriovenöse Malformation,,AVM,,A00.radlex
RID3337,radlex,venous malformation,venöse Malformation,,VM|developmental venous anomaly|venous angioma,,A00.radlex
RID3366,radlex,varix,Varize,,varices|varicose vein|varicosity|venous varicosity,,A00.radlex
RID3372,radlex,ovarian vein varix,Vena ovarica Varize,,ovarian vein syndrome,,A00.radlex
RID3374,radlex,peliosis,Peliose,,,,A00.radlex
RID3376,radlex,ischemia,Ischämie,,,,A00.radlex
RID3377,radlex,transient ischemic attack,Transiente Ischämische Attacke,,TIA,,A00.radlex
RID3382,radlex,inflammation,Entzündung,,inflamm,,A00.radlex
RID3383,radlex,appendicitis,Appendizitis,,,,A00.radlex
RID3384,radlex,cholangitis,Cholangitis,,biliary tract inflammation,,A00.radlex
RID3394,radlex,cholecystitis,Cholezystitis,,,,A00.radlex
RID3395,radlex,acalculous cholecystitis,Akalkulöse Cholezystitis,,acalculous gallbladder disease,,A00.radlex
RID3399,radlex,choroid plexitis,Entzündung des Plexus choroideus,,,Choroid-Plexitis,A00.radlex
RID3400,radlex,croup,Krupp,,laryngotracheitis|laryngotracheobronchitis,,A00.radlex
RID3403,radlex,cyclitis,Zyklitis,,,,A00.radlex
RID3405,radlex,cystitis,Zystitis,,,,A00.radlex
RID3406,radlex,dacryoadenitis,Dakryoadenitis,,,,A00.radlex
RID3407,radlex,diskitis,Spondylodiszitis,,discitis,,A00.radlex
RID3410,radlex,duodenitis,Duodenitis,,,,A00.radlex
RID3411,radlex,encephalitis,Enzephalitis,,cerebritis,,A00.radlex
RID3414,radlex,encephalomyelitis,Enzephalomyelitis,,,,A00.radlex
RID3417,radlex,endometritis,Endometritis,,,,A00.radlex
RID3418,radlex,enteritis,Enteritis,,,,A00.radlex
RID34246,radlex,dystrophic calcification,dystrophe Verkalkung,,,,A00.radlex
RID34248,radlex,large rod-like calcification,längliche Verkalkung,,secretory calcification,lanzettförmige|glattberandete stäbchenförmige,A00.radlex
RID34249,radlex,milk of calcium calcification,Kalkmilch-Verkalkung,,,Kalkmilchzysten,A00.radlex
RID34251,radlex,round calcification,runde Verkalkung,,punctate calcification,,A00.radlex
RID34252,radlex,skin calcification,Hautverkalkung,,polygonal calcification,,A00.radlex
RID34253,radlex,vascular calcification,vaskuläre Verkalkung,,,Gefäßverkalkungen,A00.radlex
RID34255,radlex,fine linear calcification,fein-lineare Verkalkung,,fine-linear branching calcification,,A00.radlex
RID34256,radlex,coarse heterogeneous calcification,grob-heterogene Mikroverkalkung,,,,A00.radlex
RID34257,radlex,fine pleomorphic calcification,fein-pleomorphe Verkalkung,,,,A00.radlex
RID34261,radlex,architectural distortion,Architekturstörung,,,,A00.radlex
RID34267,radlex,skin lesion,Hautläsion,,,,A00.radlex
RID34269,radlex,nipple retraction,Retraktion der Brustwarze,,,Mamillenretraktion,A00.radlex
RID34270,radlex,skin thickening,Hautverdickung,,,,A00.radlex
RID34271,radlex,trabecular thickening,Trabekelverdickung,,trabeculation,,A00.radlex
RID34272,radlex,axillary adenopathy,axilläre Lymphadenopathie,,,,A00.radlex
RID34296,radlex,suture calcification,Nahtverkalkung,,,,A00.radlex
RID3431,radlex,ischemic colitis,Ischämische Kolitis,,,,A00.radlex
RID34314,radlex,nipple changes,Veränderungen der Brustwarze,,,,A00.radlex
RID34316,radlex,focal skin thickening,fokale Hautverdickung,,,,A00.radlex
RID34317,radlex,diffuse skin thickening,diffuse Hautverdickung,,,,A00.radlex
RID3436,radlex,necrotizing enterocolitis,Nekrotisierende Enterokolitis,,,,A00.radlex
RID34369,radlex,macrocalcifications,Makroverkalkungen,,,,A00.radlex
RID3437,radlex,epicondylitis,Epikondylitis,,,,A00.radlex
RID34371,radlex,clustered microcysts,gruppierte Mikrozysten,,,,A00.radlex
RID34372,radlex,complicated cyst,komplizierte Zyste,,,,A00.radlex
RID3438,radlex,epiglottitis,Epiglottitis,,supraglottitis,,A00.radlex
RID34381,radlex,Cooper's ligament changes,Veränderungen der Cooper-Bänder,,Cooper ligament changes,,A00.radlex
RID34382,radlex,duct changes,duktale Veränderungen,,,,A00.radlex
RID34383,radlex,skin retraction,Hautretraktion,,skin irregularity,,A00.radlex
RID34388,radlex,microcalcifications,Mikroverkalkungen,,punctate echogenic foci,,A00.radlex
RID34393,radlex,hydronephrosis,Hydronephrose,,,,A00.radlex
RID34394,radlex,obstructive uropathy,obstruktive Uropathie,,,,A00.radlex
RID34395,radlex,chronic obstructive uropathy,chronische obstruktive Uropathie,,,,A00.radlex
RID3440,radlex,esophagitis,Ösophagitis,,,,A00.radlex
RID34401,radlex,subtalar coalition,subtalare Coalitio,,,,A00.radlex
RID34403,radlex,intravenous pyelography,intravenöse Pyelographie,,intravenous pyelogram,,A00.radlex
RID34415,radlex,Gaucher disease,Morbus Gaucher,,,,A00.radlex
RID34418,radlex,thalassemia,Thalassämie,,thalassaemia,,A00.radlex
RID34423,radlex,upper GI series,Aufnahmen des oberen Gastrointestinaltrakts,,upper GI,,A00.radlex
RID34424,radlex,retrograde ureteropyelography,retrograde Ureteropyelographie,,,,A00.radlex
RID34426,radlex,barium enema,Kolonkontrasteinlauf,,,,A00.radlex
RID34427,radlex,nephrotomography,Tomographie der Nieren,,,,A00.radlex
RID34429,radlex,liver scan,Bildgebung der Leber,,technetium scan,,A00.radlex
RID34430,radlex,cholecystography,Cholezystographie,,,,A00.radlex
RID34431,radlex,bronchography,Bronchographie,,,,A00.radlex
RID34432,radlex,small bowel series,Röntgenaufnahmen des Dünndarms,,,,A00.radlex
RID34433,radlex,voiding urethrography,Miktionsurethrogramm,,,,A00.radlex
RID34434,radlex,arteriography,Arteriographie,,,,A00.radlex
RID3446,radlex,fasciitis,Fasziitis,,,,A00.radlex
RID3450,radlex,gastritis,Gastritis,,,,A00.radlex
RID34539,radlex,pleural effusion,Pleuraerguss,,,,A00.radlex
RID34540,radlex,asbestos-related disease,Asbest-assoziierte Erkrankung,,,,A00.radlex
RID34582,radlex,achalasia,Achalasie,,,,A00.radlex
RID34583,radlex,azygous continuation of inferior vena cava,Fortsetzung der Vena cava inferior durch die Vena azygos,,azygos continuation|azygos continuation of inferior vena cava|azygous continuation of inferior vena cava,,A00.radlex
RID34584,radlex,congenital diaphragmatic hernia,angeborene Zwerchfellhernie,,,,A00.radlex
RID34585,radlex,splenic hemorrhage,Milzblutung,,hemorrhage of spleen,,A00.radlex
RID34586,radlex,splenic rupture,Milzruptur,,rupture of spleen,,A00.radlex
RID34587,radlex,enlarged spleen,vergrößerte Milz,,enlargement of spleen|splenic enlargement|splenomegaly,,A00.radlex
RID34588,radlex,urethral stenosis,Harnröhrenstriktur,,stenosis of urethra,,A00.radlex
RID34589,radlex,coarctation of aorta,Aortenisthmusstenose,,aortic coarctation,,A00.radlex
RID34590,radlex,aortic stenosis,Aortenstenose,,stenosis of aorta,,A00.radlex
RID34591,radlex,aspergillosis,Aspergillose,,,,A00.radlex
RID34592,radlex,scleroderma,Sklerodermie,,,,A00.radlex
RID34593,radlex,enlarged liver,vergrößerte Leber,,hepatomegaly,,A00.radlex
RID34594,radlex,anterior cruciate ligament tear,Ruptur des vorderen Kreuzbands,,ACL tear|tear of ACL,,A00.radlex
RID34595,radlex,hemothorax,Hämatothorax,,,,A00.radlex
RID34596,radlex,cholangiohepatitis,Cholangiohepatitis,,,,A00.radlex
RID34597,radlex,ureteropelvic junction obstruction,ureteropelvine Obstruktion,,UPJ obstruction,,A00.radlex
RID34598,radlex,neural tube defect,Neuralrohrdefekt,,,,A00.radlex
RID34601,radlex,neurofibromatosis type 1,Neurofibromatose Typ 1,,NF1,,A00.radlex
RID34603,radlex,craniosynostosis,Kraniosynostose,,,,A00.radlex
RID34604,radlex,sigmoid volvulus,Sigmavolvulus,,,,A00.radlex
RID34605,radlex,avascular necrosis,avaskuläre Nekrose,,,,A00.radlex
RID34608,radlex,pulmonary alveolar microlithiasis,alveoläre Mikrolithiasis der Lunge,,,,A00.radlex
RID3461,radlex,gastroenteritis,Gastroenteritis,,,,A00.radlex
RID34610,radlex,hyperparathyroidism,Hyperparathyreoidismus,,,,A00.radlex
RID34611,radlex,tetralogy of Fallot,Fallot-Tetralogie,,,,A00.radlex
RID34612,radlex,Ebstein anomaly,Ebstein-Anomalie,,Ebstein malformation,,A00.radlex
RID34614,radlex,portal hypertension,portale Hypertension,,,,A00.radlex
RID34615,radlex,neoplastic disease,neoplastische Erkrankung,,neoplasia,,A00.radlex
RID34616,radlex,malignant neoplastic disease,maligne neoplastische Erkrankung,,cancer,,A00.radlex
RID34617,radlex,melanoma,Melanom,,,,A00.radlex
RID34618,radlex,Morquio syndrome,Morquio-Brailsford-Syndrom,,MPS IV|Morquio disease|mucopolysaccharidosis type IV,Morbus Morquio,A00.radlex
RID34620,radlex,achondroplasia,Achondroplasie,,,,A00.radlex
RID34621,radlex,Hurler syndrome,Morbus Hurler,,Hurler disease|MPS I|mucopolysaccharidosis type I,,A00.radlex
RID34622,radlex,tropical ulcer,Buruli-Ulkus,,,,A00.radlex
RID34623,radlex,gastric cancer,Magenkrebs,,stomach cancer,,A00.radlex
RID34624,radlex,thrombosis,Thrombose,,,,A00.radlex
RID34626,radlex,gonadal dysgenesis,Gonadendysgenesie,,,,A00.radlex
RID34628,radlex,maternal rubella,maternale Rötelninfektion,,,,A00.radlex
RID34629,radlex,cytomegalic inclusion disease,Zytomegalie,,,,A00.radlex
RID34630,radlex,mucoid degeneration of ACL,mukoide Degeneration des vorderen Kreuzbands,,,,A00.radlex
RID34631,radlex,congenital cardiovascular malformation,angeborene kardiovaskuläre Fehlbildung,,,,A00.radlex
RID34632,radlex,lobar dysmorphism,lobärer Dysmorphismus,,,,A00.radlex
RID34633,radlex,cerebral palsy,Zerebralparese,,,,A00.radlex
RID34634,radlex,Charcot-Marie-Tooth disease,Charcot-Marie-Tooth-Erkrankung,,,,A00.radlex
RID34636,radlex,polycystic kidney disease,polyzystische Nierenerkrankung,,,,A00.radlex
RID34637,radlex,bronchitis,Bronchitis,,,,A00.radlex
RID34638,radlex,cystic fibrosis,zystische Fibrose,,mucoviscidosis,,A00.radlex
RID34639,radlex,molar pregnancy,Blasenmole,,,,A00.radlex
RID3464,radlex,Grisel syndrome,Grisel Syndrom,,,,A00.radlex
RID34640,radlex,ureterocele,Ureterozele,,,,A00.radlex
RID34641,radlex,cellulitis,Zellulitis,,,,A00.radlex
RID34642,radlex,calcifications,Verkalkungen,,,,A00.radlex
RID34643,radlex,hydromyelia,Hydromyelie,,,,A00.radlex
RID34644,radlex,diaphragmatic rupture,Zwerchfellruptur,,,,A00.radlex
RID34645,radlex,renal agenesis,Nierenagenesie,,,,A00.radlex
RID34646,radlex,phlebolith,Phlebolith,,,,A00.radlex
RID34647,radlex,intraosseous hemangioma,intraossäres Hämangiom,,,,A00.radlex
RID34649,radlex,scurvy,Skorbut,,,,A00.radlex
RID34650,radlex,pulmonary alveolar proteinosis,pulmonale Alveolarproteinose,,,,A00.radlex
RID34651,radlex,gastric ulcer,Magengeschwür,,,,A00.radlex
RID34653,radlex,femoroacetabular impingement,femoroazetabuläres Impingement,,hip impingement syndrome,,A00.radlex
RID34656,radlex,ovarian cyst,Ovarialzyste,,,,A00.radlex
RID34657,radlex,lead poisoning,Bleivergiftung,,,,A00.radlex
RID34658,radlex,death,Tod,,,,A00.radlex
RID34659,radlex,hemoperitoneum,Hämatoperitoneum,,,,A00.radlex
RID34660,radlex,melorheostosis,Melorheostose,,,,A00.radlex
RID34661,radlex,transposition of great vessels,Transposition der großen Gefäße,,transposition of great arteries,,A00.radlex
RID34662,radlex,sarcoidosis,Sarkoidose,,,,A00.radlex
RID34664,radlex,chronic acalculous gallbladder disease,chronische akalkulöse Cholezystitis,,,,A00.radlex
RID34665,radlex,gynecomastia,Gynäkomastie,,,,A00.radlex
RID34666,radlex,dermatomyositis,Dermatomyositis,,,,A00.radlex
RID34668,radlex,allergic bronchopulmonary aspergillosis,allergische bronchopulmonale Aspergillose,,,,A00.radlex
RID34669,radlex,malignant neoplasm of pelvis,maligne Neoplasie des Beckens,,malignant tumor of pelvis,,A00.radlex
RID3467,radlex,hepatitis,Hepatitis,,,,A00.radlex
RID34670,radlex,malignant neoplasm of genitourinary organ,maligne Neoplasie eines Urogenitalorgans,,,,A00.radlex
RID34672,radlex,malignant neoplasm of ureter,maligne Neoplasie des Ureters,,cancer of ureter|malignant tumor of ureter|ureter cancer|ureteral cancer,,A00.radlex
RID34675,radlex,medullary sponge kidney,Markschwammniere,,,,A00.radlex
RID34676,radlex,sickle cell anemia,Sichelzellanämie,,Hb S disease|Hb SS disease|hemoglobin S disease|hemoglobin S-S disease|sickle cell disease,,A00.radlex
RID34678,radlex,hemolytic anemia,hämolytische Anämie,,,,A00.radlex
RID34680,radlex,diastrophic dysplasia,diastrophische Dysplasie,,diastrophic dwarfism,,A00.radlex
RID34681,radlex,brain death,Hirntod,,,,A00.radlex
RID34683,radlex,hepatic encephalopathy,hepatische Enzephalopathie,,Gaustad syndrome|hepatocerebral encephalopathy,,A00.radlex
RID34684,radlex,cystic adventitial disease,zystische Adventitiadegeneration,,,,A00.radlex
RID34685,radlex,ascariasis,Ascariasis,,,,A00.radlex
RID34688,radlex,epiploic appendagitis,Appendicitis epiploica,,,,A00.radlex
RID34689,radlex,hypotension,Hypotonie,,,,A00.radlex
RID34690,radlex,transitory synovitis,transitorische Synovitis,,,,A00.radlex
RID34691,radlex,psoriasis,Psoriasis,,,,A00.radlex
RID34692,radlex,humeral avulsion of inferior glenohumeral ligament,Abriss des humeralen Ansatzes des unteren Ligamentum glenohumerale,,,HAGL,A00.radlex
RID34693,radlex,esophageal web,Ösophagus-Web,,,,A00.radlex
RID34697,radlex,posterior urethral valve,posteriore Urethralklappe,,,,A00.radlex
RID34698,radlex,chest tube entrapment,Einschluss einer Thoraxdrainage,,entrapped chest tube,,A00.radlex
RID34699,radlex,tuberculous arthritis,tuberkulöse Arthritis,,granulomatous arthritis,,A00.radlex
RID34701,radlex,chiari malformation type II,Chiari-Malformation Typ II,,Arnold-Chiari syndrome,,A00.radlex
RID34704,radlex,hypoplastic left heart syndrome,hypoplastisches Linksherz-Syndrom,,,,A00.radlex
RID34705,radlex,duplication,Duplikation,,,,A00.radlex
RID34706,radlex,persistent left superior vena cava,persistierende linke obere Hohlvene,,,,A00.radlex
RID34707,radlex,congenital anomaly of spine,angeborene Fehlbildung der Wirbelsäule,,,,A00.radlex
RID34708,radlex,spina bifida,Spina bifida,,congenital malformation of spine|congenital spinal malformation,,A00.radlex
RID34709,radlex,polyostotic fibrous dysplasia,polyostotische fibröse Dysplasie,,,,A00.radlex
RID34711,radlex,congenital dilatation of lobar intrahepatic bile duct,angeborene Dilatation der intrahepatischen Gallengänge,,Caroli disease,,A00.radlex
RID34712,radlex,liver disorder,Lebererkrankung,,disorder of liver|liver disease,,A00.radlex
RID34713,radlex,congenital hepatic fibrosis,kongenitale Leberfibrose,,,,A00.radlex
RID34714,radlex,ectopic kidney,Nierenektopie,,,,A00.radlex
RID34715,radlex,arthritis mutilans,Arthritis mutilans,,,,A00.radlex
RID34716,radlex,rickets,Rachitis,,,,A00.radlex
RID34718,radlex,mental retardation,mentale Retardierung,,,,A00.radlex
RID34720,radlex,gonadal dysgenesis syndrome,Gonadendysgenesie-Syndrom,,Turner syndrome,,A00.radlex
RID34721,radlex,cerebellar disorder,Kleinhirnerkrankung,,,,A00.radlex
RID34725,radlex,pigmentary pallidal degeneration,Neurodegeneration mit Eisenablagerung im Gehirn,,Hallervorden-Spatz disease|pigmentary pallidal atrophy,Hallervorden-Spatz-Syndrom,A00.radlex
RID34726,radlex,tension pneumocephalus,Spannungspneumozephalus,,,,A00.radlex
RID34729,radlex,congenital agammaglobulinemia,kongenitale Agammaglobulinämie,,,,A00.radlex
RID34731,radlex,appendiceal mucocele,Mukozele des Appendix,,,,A00.radlex
RID34734,radlex,alobar holoprosencephaly,alobäre Holoprosenzephalie,,,,A00.radlex
RID3474,radlex,inflammatory bowel disease,Entzündliche Darmerkrankung,,,,A00.radlex
RID34740,radlex,obstructive hyperbilirubinemia,obstruktive Hyperbilirubinämie,,obstructive jaundice,,A00.radlex
RID34741,radlex,hypoplasia of right ventricle,Hypoplasie des rechten Ventrikels,,Uhl anomaly|Uhl disease|right ventricular hypoplasia,,A00.radlex
RID34742,radlex,hydropneumoperitoneum,Hydropneumoperitoneum,,pneumohydroperitoneum,,A00.radlex
RID34745,radlex,metabolic bone disease,metabolische Knochenerkrankung,,,,A00.radlex
RID34746,radlex,osteogenesis imperfecta,Osteogenesis imperfecta,,brittle bone disease,,A00.radlex
RID34747,radlex,dural ectasia,Duraektasie,,,,A00.radlex
RID34748,radlex,mitral valve insufficiency,Mitralklappeninsuffizienz,,mitral valve regurgitation,,A00.radlex
RID3475,radlex,Crohn disease,Morbus Crohn,,,,A00.radlex
RID34750,radlex,closed-loop obstruction,Closed-Loop-Obstruktion,,closed loop obstruction,,A00.radlex
RID34754,radlex,tuberous sclerosis syndrome,tuberöse Sklerose,,Bourneville disease|adenoma sebaceum syndrome|epiloia|tuberous sclerosis,,A00.radlex
RID34755,radlex,brain damage,Hirnschaden,,,,A00.radlex
RID34756,radlex,graft versus host disease,Graft-versus-Host-Reaktion,,graft-versus-host disease,,A00.radlex
RID34758,radlex,cysticercosis,Zystizerkose,,cysticerciasis|larval taeniasis|larval teniasis,,A00.radlex
RID3476,radlex,ulcerative colitis,Colitis ulcerosa,,,,A00.radlex
RID34760,radlex,diffuse esophageal spasm,diffuser Ösophagusspasmus,,corkscrew esophagus|diffuse spasm of esophagus,,A00.radlex
RID34762,radlex,nose disorder,Nasenerkrankung,,,,A00.radlex
RID34763,radlex,nasal septum deviation,Nasenseptumdeviation,,,,A00.radlex
RID34765,radlex,syphilis,Syphilis,,,,A00.radlex
RID34766,radlex,partial anomalous pulmonary venous return,partielle Lungenvenenfehlmündung,,partial anomalous pulmonary venous connection|partial anomalous pulmonary venous drainage,,A00.radlex
RID34767,radlex,endometrioma,Endometriom,,chocolate cyst|endometriotic cyst,,A00.radlex
RID34768,radlex,pertussis,Pertussis,,whooping cough,,A00.radlex
RID34769,radlex,viral pneumonia,virale Pneumonie,,,,A00.radlex
RID3477,radlex,keratosis obturans,Keratosis obturans,,,,A00.radlex
RID34770,radlex,amyloid arthropathy,Amyloidarthropathie,,arthritis secondary to amyloidosis,,A00.radlex
RID34771,radlex,disorder of meninges,Erkrankung der Meningen,,,,A00.radlex
RID34772,radlex,meningocele,Meningozele,,,,A00.radlex
RID34773,radlex,total anomalous pulmonary venous return,totale Lungenvenenfehlmündung,,total anomalous pulmonary venous connection|total anomalous pulmonary venous drainage,,A00.radlex
RID34774,radlex,hematuria,Hämaturie,,blood in urine,,A00.radlex
RID34775,radlex,double-column acetabulum fracture,Acetabulumfraktur mit Fraktur beider Pfeiler,,,,A00.radlex
RID34776,radlex,papillary transitional cell carcinoma,papilläres Übergangszellkarzinom,,,,A00.radlex
RID34778,radlex,metachromatic leukodystrophy,metachromatische Leukodystrophie,,metachromatic leucodystrophy|sulfatide lipidosis,,A00.radlex
RID3478,radlex,Kawasaki disease,Kawasaki Syndrom,,mucocutaneous lymph node syndrome,,A00.radlex
RID34781,radlex,asplenia,Asplenie,,absence of spleen,,A00.radlex
RID34782,radlex,persistent embryonic trigeminal artery,persistierende Arteria trigemina primitiva,,persistent trigeminal artery,,A00.radlex
RID34786,radlex,blighted ovum,Abortivei,,anembryonic pregnancy,,A00.radlex
RID34787,radlex,granulomatous disease,Granulomatose,,,,A00.radlex
RID34788,radlex,encephalotrigeminal angiomatosis,encephalotrigeminale Angiomatose,,Sturge-Weber syndrome|angiomatosis oculo-orbital-thalamo-encephalic syndrome|encephalocutaneous angiomatosis|encephalofacial haemangiomatosis|neuroretinoangiomatosis,Sturge-Weber-Syndrom,A00.radlex
RID34789,radlex,hypertrophic osteoarthropathy,hypertrophe Osteoarthropathie,,,Pierre-Marie-Bamberger-Syndrom,A00.radlex
RID34792,radlex,twin dichorionic diamniotic placenta,Zwillinge mit dichorial-diamnialer Plazentation,,dichorionic pregnancy,,A00.radlex
RID34793,radlex,dissecting aortic aneurysm,Aortendissektion,,dissection of aorta,,A00.radlex
RID34794,radlex,degenerative spondylolisthesis,degenerative Spondylolisthese,,,,A00.radlex
RID34795,radlex,heart failure,Herzinsuffizienz,,cardiac failure|congestive failure|congestive heart failure,,A00.radlex
RID34796,radlex,right heart failure,Rechtsherzinsuffizienz,,,,A00.radlex
RID34798,radlex,hyatid cyst,Hydatidenzyste,,,,A00.radlex
RID34799,radlex,persistent truncus arteriosus,persistierender Truncus arteriosus,,common aortopulmonary trunk|common arterial trunk,,A00.radlex
RID34800,radlex,increased intracranial pressure,erhöhter intrakranieller Druck,,raised intracranial pressure,,A00.radlex
RID3481,radlex,labyrinthine ossification,Labyrinthverknöcherung,,labyrinthine ossificans,labyrinthitis ossificans,A00.radlex
RID3483,radlex,labyrinthitis,Labyrinthitis,,,,A00.radlex
RID34834,radlex,enlarged parietal foramina,vergrößertes Foramen parietale,,,,A00.radlex
RID34838,radlex,familial aplasia of vermis,Joubert-Syndrom,,Joubert syndrome,,A00.radlex
RID3484,radlex,lymphadenitis,Lymphadenitis,,adenitis,,A00.radlex
RID34878,radlex,cystography,Zystographie,,,,A00.radlex
RID3488,radlex,malakoplakia,Malakoplakie,,,,A00.radlex
RID34880,radlex,double-contrast barium enema,Kolon-Doppelkontrasteinlauf,,,,A00.radlex
RID34889,radlex,pulmonary infarction,Lungeninfarkt,,,,A00.radlex
RID3489,radlex,mastoiditis,Mastoiditis,,,,A00.radlex
RID3490,radlex,mediastinitis,Mediastinitis,,,,A00.radlex
RID3492,radlex,Meniere syndrome,Meniere-Syndrom,,Meniere disease|endolymphatic hydrops,,A00.radlex
RID3494,radlex,meningitis,Meningitis,,,,A00.radlex
RID34951,radlex,ankle fracture,Sprunggelenkfraktur,,,,A00.radlex
RID3499,radlex,meningoencephalitis,Meningoenzephalitis,,,,A00.radlex
RID3500,radlex,mesenteritis,Mesenteritis,,,,A00.radlex
RID3501,radlex,myelitis,Myelitis,,,,A00.radlex
RID3503,radlex,myocarditis,Myokarditis,,,,A00.radlex
RID3504,radlex,myositis,Myositis,,,,A00.radlex
RID3505,radlex,neuritis,Neuritis,,,,A00.radlex
RID3506,radlex,orbital pseudotumor,Orbitaler Pseudotumor,,,,A00.radlex
RID35083,radlex,claw foot,Krallenzehen,,,,A00.radlex
RID35084,radlex,claw hand,Krallenhand,,,,A00.radlex
RID3517,radlex,otitis,Otitis,,,,A00.radlex
RID3518,radlex,otitis media,Otitis media,,,,A00.radlex
RID3519,radlex,otitis externa,Otitis externa,,,,A00.radlex
RID3524,radlex,osteitis,Osteitis,,,,A00.radlex
RID3525,radlex,osteitis fibrosa cystica,Osteitis fibrosa cystica,,,,A00.radlex
RID3527,radlex,otosclerosis,Otosklerose,,otospongiosis,,A00.radlex
RID35282,radlex,horseshoe kidney,Hufeisenniere,,,,A00.radlex
RID3529,radlex,pancreatitis,Pankreatitis,,,,A00.radlex
RID3532,radlex,panniculitis,Pannikulitis,,,,A00.radlex
RID3533,radlex,parotitis,Parotitis,,,,A00.radlex
RID3534,radlex,pericarditis,Perikarditis,,,,A00.radlex
RID3535,radlex,peritonitis,Peritonitis,,,,A00.radlex
RID3537,radlex,petrous apicitis,Entzündung der Felsenbeinspitze,,apical petrositis,,A00.radlex
RID3539,radlex,pharyngitis,Pharyngitis,,,,A00.radlex
RID3540,radlex,pleuritis,Pleuritis,,,,A00.radlex
RID3541,radlex,pneumonitis,Pneumonitis,,,,A00.radlex
RID3542,radlex,posterior scleritis,Posteriore Skleritis,,episcleritis|posterior spinal sclerosis|tabetic neurosyphilis,tabes dorsales,A00.radlex
RID3544,radlex,prostatitis,Prostatitis,,,,A00.radlex
RID3545,radlex,pyelitis,Nierenbeckenentzündung,,,,A00.radlex
RID3547,radlex,pyelonephritis,Pyelonephritis,,pyelitis,,A00.radlex
RID3548,radlex,pyonephrosis,Pyonephrose,,,,A00.radlex
RID3549,radlex,retinitis,Retinitis,,,,A00.radlex
RID3552,radlex,rheumatic disease,Rheumatische Erkrankung,,,,A00.radlex
RID3554,radlex,psoriatic arthritis,Psoriasisarthritis,,,,A00.radlex
RID3559,radlex,erosive osteoarthritis,Erosive Arthrose,,erosive osteoarthrosis|inflammatory osteoarthritis,,A00.radlex
RID3561,radlex,rheumatoid arthritis,Rheumatoide Arthritis,,,,A00.radlex
RID3562,radlex,Reiter syndrome,Reiter Syndrom,,,,A00.radlex
RID3567,radlex,gout arthritis,Gichtarthritis,,gout|monosodium urate arthritis and periarthritis|monosodium urate crystal deposition disease,,A00.radlex
RID35978,radlex,Chilaiditi syndrome,Chilaiditi-Syndrom,,hepatodiaphragmatic colonic interposition|subphrenic interposition syndrome,,A00.radlex
RID3604,radlex,ankylosing spondylitis,Spondylitis ankylosans,,,,A00.radlex
RID3654,radlex,polymyositis,Polymyositis,,,,A00.radlex
RID3655,radlex,sialadenitis,Sialadenitis,,salivary gland inflammation,,A00.radlex
RID3663,radlex,sinusitis,Sinusitis,,,,A00.radlex
RID3664,radlex,surfer ear,Gehörgangsexostose („Surferohr“),,diffuse exostosis|exostosis of external auditory canal,,A00.radlex
RID3666,radlex,thyroiditis,Thyreoiditis,,,,A00.radlex
RID3673,radlex,Tolosa-Hunt syndrome,Tolosa-Hunt Syndrom,,,,A00.radlex
RID3674,radlex,tonsillitis,Tonsillitis,,,,A00.radlex
RID3675,radlex,ureteritis,Ureteritis,,,,A00.radlex
RID3681,radlex,vasculitis,Vaskulitis,,,,A00.radlex
RID3701,radlex,ventriculitis,Ventrikulitis,,,,A00.radlex
RID3707,radlex,xanthogranulomatous pyelonephritis,Xanthogranulomatöse Pyelonephritis,,XGP,,A00.radlex
RID3709,radlex,xanthogranulomatous cholecystitis,Xanthogranulomatöse Cholezystitis,,,,A00.radlex
RID3710,radlex,infection,Infektion,,,,A00.radlex
RID3711,radlex,abscess,Abszess,,,,A00.radlex
RID3714,radlex,empyema,Empyem,,,,A00.radlex
RID3715,radlex,osteomyelitis,Osteomyelitis,,,,A00.radlex
RID3735,radlex,atresia,Atresie,,,,A00.radlex
RID3738,radlex,fibrous dysplasia,Fibröse Dysplasie,,,,A00.radlex
RID3741,radlex,dysgenesis,Dysgenesie,,,,A00.radlex
RID3746,radlex,intrathoracic kidney,Intrathorakale Niere,,,,A00.radlex
RID3747,radlex,pelvic kidney,Beckenniere,,,,A00.radlex
RID3764,radlex,pachygyria,Pachygyrie,,incomplete lissencephaly,,A00.radlex
RID3766,radlex,lissencephaly,Lissencephalie,,agyria,,A00.radlex
RID3775,radlex,enlargement,Vergrößerung,,expansion,,A00.radlex
RID3784,radlex,benign prostatic hyperplasia,Benigne Prostatahyperplasie,,BPH,,A00.radlex
RID3795,radlex,hypertrophy,Hypertrophie,,,,A00.radlex
RID3796,radlex,splenic sequestration,Milzsequestration,,,,A00.radlex
RID3798,radlex,lymphadenopathy,Lymphadenopathie,,adenopathy|lymph node enlargement,,A00.radlex
RID3800,radlex,fusion,Fusion,,coalition,,A00.radlex
RID3805,radlex,growth retardation,Wachstumsverzögerung,,,,A00.radlex
RID3808,radlex,microgallbladder,Mikrogallenblase,,,,A00.radlex
RID3809,radlex,metaplasia,Metaplasie,,,,A00.radlex
RID3815,radlex,Paget disease,Morbus Paget,,,,A00.radlex
RID3818,radlex,contracture,Kontraktur,,,,A00.radlex
RID3820,radlex,fibrosis,Fibrose,,,,A00.radlex
RID3822,radlex,cirrhosis,Zirrhose,,,,A00.radlex
RID3825,radlex,retroperitoneal fibrosis,Retroperitoneale Fibrose,,,,A00.radlex
RID3829,radlex,scar,Narbe,,scarring,,A00.radlex
RID3831,radlex,adhesion,Adhäsion,,,,A00.radlex
RID3840,radlex,lymphoma,Lymphom,,lymphosarcoma,,A00.radlex
RID3846,radlex,Langerhans cell histiocytosis,Langerhanszell-Histiozytose,,histiocytosis X,,A00.radlex
RID3849,radlex,eosinophilic granuloma,Eosinophiles Granulom,,,,A00.radlex
RID38586,radlex,renal calculus,Nierenstein,,kidney stone|nephrolithiasis|renal stone,,A00.radlex
RID38587,radlex,ureteral calculus,Harnleiterstein,,ureterolithiasis,,A00.radlex
RID38588,radlex,pericardial effusion,Perikarderguss,,,,A00.radlex
RID38590,radlex,atrial septal defect,Atriumseptumdefekt,,ASD,,A00.radlex
RID38605,radlex,Moyamoya disease,Moyamoya-Erkrankung,,,,A00.radlex
RID3868,radlex,adenomyosis,Adenmyose,,,,A00.radlex
RID3869,radlex,adenomyomatosis,Adenomyomatose,,,,A00.radlex
RID38800,radlex,akinesia,Akinesie,,,,A00.radlex
RID3881,radlex,polyp,Polyp,,,,A00.radlex
RID3890,radlex,cyst,Zyste,,,,A00.radlex
RID3894,radlex,bone cyst,Knochenzyste,,geode,,A00.radlex
RID3896,radlex,choledochal cyst,Choledochuszyste,,choledochocele,,A00.radlex
RID3904,radlex,dermoid cyst,Dermoidzyste,,dermoid,,A00.radlex
RID39051,radlex,cough,Husten,,,,A00.radlex
RID39052,radlex,constipation,Obstipation,,,,A00.radlex
RID3907,radlex,epidermoid,Epidermoid,,epidermoid cyst,,A00.radlex
RID39082,radlex,diarrhea,Diarrhö,,,,A00.radlex
RID39093,radlex,hammertoe,Hammerzehe,,,,A00.radlex
RID39094,radlex,headache,Kopfschmerzen,,,,A00.radlex
RID39100,radlex,hypokinesia,Hypokinese,,,,A00.radlex
RID39135,radlex,disorder of spine,Erkrankung der Wirbelsäule,,spinal disorder|spine disorder,,A00.radlex
RID39137,radlex,myocardial bridge,Myokardbrücke,,,,A00.radlex
RID39138,radlex,odynophagia,Odynophagie,,,,A00.radlex
RID39156,radlex,disorder of peritoneum,Erkrankung des Peritoneums,,peritoneal disorder|peritoneum disorder,,A00.radlex
RID39168,radlex,retrolisthesis,Retrolisthese,,,,A00.radlex
RID39178,radlex,congenital anomaly of uterus,angeborene Fehlbildung des Uterus,,,,A00.radlex
RID39184,radlex,varicocele,Varikozele,,,,A00.radlex
RID39185,radlex,venous thrombosis,Venenthrombose,,,,A00.radlex
RID39211,radlex,congenitally biscuspid aortic valve,angeborene bikuspide Aortenklappe,,,,A00.radlex
RID39212,radlex,functionally biscuspid aortic valve,funktionell bikuspide Aortenklappe,,,,A00.radlex
RID39259,radlex,patella alta,Patella alta,,high riding patella|high-riding patella,,A00.radlex
RID39260,radlex,patella infera,Patella baja,,low riding patella|low-riding patella|patella baja,,A00.radlex
RID39265,radlex,shortness of breath,Atemnot,,short of breath,,A00.radlex
RID3953,radlex,granuloma,Granulom,,,,A00.radlex
RID3954,radlex,pseudocyst,Pseudozyste,,,,A00.radlex
RID3957,radlex,neoplasm,Neoplasie,,tumor,,A00.radlex
RID3959,radlex,acinar cell neoplasm,Azinuszellneoplasie,,acinar cell tumor,,A00.radlex
RID3964,radlex,blood vessel neoplasm,Blutgefäßneoplasie,,,,A00.radlex
RID3966,radlex,angiofibroma,Angiofibrom,,,,A00.radlex
RID3969,radlex,hemangioma,Hämangiom,,,,A00.radlex
RID3991,radlex,epithelioid hemangioendothelioma,Epitheloides Hämangioendotheliom,,,,A00.radlex
RID4005,radlex,osteoid osteoma,Osteoidosteom,,,,A00.radlex
RID4010,radlex,osteosarcoma,Osteosarkom,,,,A00.radlex
RID4025,radlex,central nervous system neoplasm,Neoplasie des Zentralen Nervensystems,,,,A00.radlex
RID4082,radlex,pituicytoma,Pituizytom,,,,A00.radlex
RID4083,radlex,choroid plexus neoplasm,Neoplasie des Plexus choroideus,,,,A00.radlex
RID4088,radlex,meningioma,Meningeom,,meningeal neoplasm,,A00.radlex
RID4129,radlex,enchondromatosis,Enchondromatose,,Ollier disease,,A00.radlex
RID4134,radlex,chondroblastoma,Chondroblastom,,,,A00.radlex
RID4177,radlex,endolymphatic sac tumor,Endolymphatischer Sacktumor,,,,A00.radlex
RID4178,radlex,odontogenic tumor,Odontogener Tumor,,dental neoplasm|odontogenic neoplasm,Dentale Neoplasie,A00.radlex
RID4190,radlex,cementifying fibroma,Zementierendes Fibrom,,,,A00.radlex
RID4191,radlex,cementoblastoma,Benignes Zementoblastom,,benign cementoblastoma,,A00.radlex
RID4192,radlex,cementoma,Zementom,,,,A00.radlex
RID4203,radlex,odontogenic myxoma,Odontogenes Myxom,,,,A00.radlex
RID4210,radlex,epithelial neoplasm,Epitheliale Neoplasie,,,,A00.radlex
RID4211,radlex,adenoma,Adenom,,adenomatous neoplasm|monomorphic adenoma,,A00.radlex
RID4226,radlex,adenocarcinoma,Adenokarzinom,,,,A00.radlex
RID4230,radlex,renal adenocarcinoma,Renales Adenokarzinom,,hypernephroma|renal cell carcinoma,,A00.radlex
RID4243,radlex,bronchioloalveolar carcinoma,Bronchioalveolares Karzinom,,alveolar cell carcinoma|bronchioalveolar cell carcinoma|bronchiolo-alveolar carcinoma|bronchoalveolar carcinoma|bronchoalveolar cell carcinoma,,A00.radlex
RID4246,radlex,carcinoid tumor,Karzinoid,,carcinoid,,A00.radlex
RID4247,radlex,carcinoma,Karzinom,,,,A00.radlex
RID4251,radlex,gastric carcinoma,Magenkarzinom,,,,A00.radlex
RID4264,radlex,carcinomatosis,Karzinomatose,,,,A00.radlex
RID4271,radlex,hepatocellular carcinoma,Hepatozelluläres Karzinom,,hepatoma,,A00.radlex
RID4278,radlex,thymoma,Thymom,,,,A00.radlex
RID4279,radlex,transitional cell carcinoma,Transitionalzellkarzinom,,TCC,,A00.radlex
RID4285,radlex,fibroadenoma,Fibroadenom,,,,A00.radlex
RID4286,radlex,Brenner tumor,Brenner-Tumor,,,,A00.radlex
RID4287,radlex,phyllodes tumor,Phylloider Tumor,,,,A00.radlex
RID4288,radlex,fibrous connective tissue neoplasm,Fibröse Bindegewebsneoplasie,,,,A00.radlex
RID4293,radlex,periosteal desmoid,Periosteales Desmoid,,juxtacortical desmoid,,A00.radlex
RID4309,radlex,giant cell tumor,Riesenzelltumor,,,,A00.radlex
RID4312,radlex,fibroelastoma,Fibroelastom,,,,A00.radlex
RID4314,radlex,germ cell neoplasm,Keimzelltumor,,,,A00.radlex
RID4316,radlex,seminoma,Seminom,,,,A00.radlex
RID4318,radlex,dysgerminoma,Dysgerminom,,,,A00.radlex
RID43278,radlex,small-airways disease,Erkrankung der kleinen Atemwege,,,,A00.radlex
RID43343,radlex,cholangiocellular carcinoma,cholangiozelluläres Karzinom,,,,A00.radlex
RID43346,radlex,blood products in mass,Blutprodukte (Läsion),,blood in or around lesion|blood products (lesion),,A00.radlex
RID4336,radlex,Brunner gland hyperplasia,Brunner-Drüsen Hyperplasie,,Brunner gland hamartoma,,A00.radlex
RID4338,radlex,hamartoma of tuber cinereum,Hamartom des Tuber cinereum,,hypothalamic neuronal hamartoma,,A00.radlex
RID4342,radlex,lipoma,Lipom,,,,A00.radlex
RID4352,radlex,intraosseous lipoma,Intraossäres Lipom,,,,A00.radlex
RID43571,radlex,retrograde pyelography,retrograde Pyelographie,,,,A00.radlex
RID4368,radlex,lymphatic vessel neoplasm,Neoplasie der lymphatischen Gefäße,,lymphatic vessel tumor,,A00.radlex
RID4372,radlex,lymphangioleiomyomatosis,Lymphangioleiomyomatose,,,,A00.radlex
RID4375,radlex,malignant melanoma,Malignes Melanom,,,,A00.radlex
RID4376,radlex,mesothelial neoplasm,Mesotheliale Neoplasie,,,,A00.radlex
RID4382,radlex,myomatous neoplasm,Myomatöse Neoplasie,,muscle neoplasm,,A00.radlex
RID4389,radlex,leiomyoma,Leiomyom,,fibroid|lipoleiomyoma|myoma|smooth muscle tumor,,A00.radlex
RID4397,radlex,myxoma,Myxom,,,,A00.radlex
RID4400,radlex,chordoid glioma of third ventricle,Chordoides Gliom des dritten Ventrikels,,chordoid glioma of third ventricle (WHO grade II),,A00.radlex
RID4408,radlex,medulloblastoma,Medulloblastom,,medulloblastoma (WHO grade IV),,A00.radlex
RID4424,radlex,atypical teratoid rhabdoid tumor,Atypischer terato-rhabdoider Tumor,,atypical teratoid-rhabdoid tumor (WHO grade IV)|rhabdoid tumor,,A00.radlex
RID4442,radlex,granular cell tumor of neurohypophysis,Granulosazelltumor der Neurohypophyse,,,,A00.radlex
RID4444,radlex,malignant peripheral nerve sheath tumor,Maligner peripherer Nervenscheidentumor,,malignant peripheral nerve sheath tumor (WHO grade III-IV)|malignant schwannoma|neurofibrosarcoma|neurogenic sarcoma,,A00.radlex
RID4454,radlex,neuroblastoma,Neuroblastom,,Schwannian stroma-poor peripheral neuroblastic neoplasm,,A00.radlex
RID4458,radlex,ganglioneuroma,Ganglioneurom,,Schwannian stroma-dominant peripheral neuroblastic neoplasm,,A00.radlex
RID4462,radlex,neurofibroma,Neurofibrom,,neurofibroma (WHO grade I),,A00.radlex
RID4472,radlex,retinoblastoma,Retinoblastom,,,,A00.radlex
RID4500,radlex,central neurocytoma,Zentrales Neurozytom,,,,A00.radlex
RID4501,radlex,cerebellar liponeurocytoma,Zerebelläres Liponeurozytom,,,,A00.radlex
RID4506,radlex,dysplastic gangliocytoma of cerebellum,Dysplastisches Gangliozytom des Kleinhirns,,Lhermitte-Duclos disease|dysplastic cerebellar gangliocytoma,Lhermitte-Duclos-Syndrom,A00.radlex
RID4509,radlex,gangliocytoma,Gangliozytom,,gangliocytoma (WHO grade I),,A00.radlex
RID4512,radlex,paraganglioma,Paragangliom,,glomus tumor|glomus tumor (WHO grade I),,A00.radlex
RID4515,radlex,oncocytoma,Onkozytom,,,,A00.radlex
RID4516,radlex,pheochromocytoma,Phäochromozytom,,,,A00.radlex
RID4517,radlex,sinonasal undifferentiated carcinoma,Undifferenziertes sinonasales Karzinom,,SNUC,,A00.radlex
RID4520,radlex,desmoplastic small cell tumor,Desmoplastischer kleinzelliger Tumor,,,,A00.radlex
RID4521,radlex,sarcoma,Sarkom,,,,A00.radlex
RID4522,radlex,Ewing sarcoma,Ewing Sarkom,,,,A00.radlex
RID4525,radlex,adenomyoma,Adenomyom,,,,A00.radlex
RID4527,radlex,carcinoma ex pleomorphic adenoma,Karzinom ex pleomorphes Adenom,,,,A00.radlex
RID4530,radlex,hepatoblastoma,Hepatoblastom,,,,A00.radlex
RID4531,radlex,mixed Mullerian tumor,Müllerscher Mischtumor,,,,A00.radlex
RID4532,radlex,carcinofibroma,Karzinofibrom,,,,A00.radlex
RID4534,radlex,mesoblastic nephroma,Mesoblastisches Nephrom,,fetal renal hamartoma|leiomyomatous hamartoma|mesenchymal hamartoma of infancy,,A00.radlex
RID4538,radlex,multilocular cystic renal tumor,Multilokulärer zystischer Nierentumor,,,,A00.radlex
RID4542,radlex,nephrogenic adenofibroma,Nephrogenes Adenofibrom,,,,A00.radlex
RID4543,radlex,pancreatoblastoma,Pankreasblastom,,,,A00.radlex
RID4544,radlex,pleomorphic adenoma,Pleomorphes Adenom,,benign mixed tumor,,A00.radlex
RID4546,radlex,pulmonary blastoma,Lungenadenom,,,pulmonales Blastom,A00.radlex
RID4548,radlex,sialoblastoma,Sialoblastom,,,,A00.radlex
RID4549,radlex,stromal tumor,Stroma-Tumor,,stromal neoplasm,,A00.radlex
RID4551,radlex,gastrointestinal stromal tumor,Gastrointestinaler Stroma-Tumor,,GIST,,A00.radlex
RID4553,radlex,Wilms tumor,Wilms-Tumor,,nephroblastoma,,A00.radlex
RID4555,radlex,synovial neoplasm,Synoviale Neoplasie,,,,A00.radlex
RID4556,radlex,synovioma,Synoviom,,,,A00.radlex
RID4558,radlex,synovial sarcoma,Synovialsarkom,,,,A00.radlex
RID4562,radlex,thecoma,Thekom,,fibrothecoma,,A00.radlex
RID45682,radlex,breast cancer,Brustkrebs,,,,A00.radlex
RID45683,radlex,cervical cancer,Zervixkarzinom,,,,A00.radlex
RID45684,radlex,colorectal cancer,kolorektales Karzinom,,,,A00.radlex
RID45685,radlex,endometrial cancer,Endometriumkarzinom,,,,A00.radlex
RID45686,radlex,lung cancer,Lungenkrebs,,,,A00.radlex
RID45687,radlex,ovarian cancer,Ovarialkarzinom,,,,A00.radlex
RID45688,radlex,pancreatic cancer,Pankreaskarzinom,,,,A00.radlex
RID45689,radlex,prostate cancer,Prostatakarzinom,,"cancer of prostate|carcinoma of prostate|prostate cancer, NOS",,A00.radlex
RID45690,radlex,testicular cancer,Hodenkrebs,,,,A00.radlex
RID45691,radlex,thyroid cancer,Schilddrüsenkarzinom,,,,A00.radlex
RID45696,radlex,esophageal cancer,Ösophaguskarzinom,,,,A00.radlex
RID45697,radlex,head and neck cancer,Kopf-Hals-Karzinom,,,,A00.radlex
RID46039,radlex,chondrodysplasia,Chondrodysplasie,,,,A00.radlex
RID46040,radlex,pyloric stenosis,Pylorusstenose,,infantile hypertrophic pyloric stenosis,,A00.radlex
RID46041,radlex,vascular disease,Gefäßerkrankung,,,,A00.radlex
RID46043,radlex,acromegaly,Akromegalie,,Marie disease|anterior pituitary adenoma syndrome|growth hormone hypersecretion syndrome,,A00.radlex
RID46044,radlex,Budd-Chiari syndrome,Budd-Chiari-Syndrom,,budd chiar|budd chiari,,A00.radlex
RID46045,radlex,trisomy 18,Trisomie 18,,Edwards syndrome,,A00.radlex
RID46047,radlex,talocalcaneal coalition,Coalitio talocalcanearis,,,,A00.radlex
RID46048,radlex,calcaneonavicular coalition,Coalitio calcaneonavicularis,,,,A00.radlex
RID46049,radlex,thanatophoric dysplasia,thanatophore Dysplasie,,,,A00.radlex
RID46050,radlex,vertebral fusion,Wirbelfusion,,,,A00.radlex
RID4628,radlex,injury,Verletzung,,,,A00.radlex
RID4630,radlex,injury due to mechanical trauma,Verletzung bei mechanischem Trauma,,trauma,,A00.radlex
RID4631,radlex,hyperextension injury,Hyperextensionsverletzung,,,,A00.radlex
RID4644,radlex,diffuse axonal injury,Scherverletzung,,DAI,Diffuses axonales Trauma,A00.radlex
RID4646,radlex,entrapment syndrome,Kompressions-Syndrom,,,,A00.radlex
RID4647,radlex,carpal tunnel syndrome,Karpaltunnelsyndrom,,,,A00.radlex
RID4648,radlex,cubital tunnel syndrome,Kubitaltunnelsyndrom,,,,A00.radlex
RID4649,radlex,extraocular muscle entrapment,Extraokuläres Muskelentrapment,,,,A00.radlex
RID4650,radlex,fracture,Fraktur,,,,A00.radlex
RID4651,radlex,apophyseal ring fracture,Apophysäre Ringfraktur,,limbus fracture,Limbusfraktur,A00.radlex
RID4658,radlex,compression fracture,Kompressionsfraktur,,,,A00.radlex
RID4659,radlex,dens fracture,Dens Fraktur,,,,A00.radlex
RID4660,radlex,type 1 dens fracture,Dens Fraktur Typ 1,,,,A00.radlex
RID4661,radlex,type 2 dens fracture,Dens Fraktur Typ 2,,,,A00.radlex
RID4662,radlex,type 3 dens fracture,Dens Fraktur Typ 3,,,,A00.radlex
RID4664,radlex,Chance fracture,Chance Fraktur,,,,A00.radlex
RID4667,radlex,insufficiency fracture,Insuffizienzfraktur,,,Insuffizienz,A00.radlex
RID4668,radlex,Jefferson fracture,Jeffersonfraktur,,,,A00.radlex
RID4669,radlex,hangman fracture,Hangman fraktur,,traumatic spondylolisthesis,,A00.radlex
RID4674,radlex,Kummel disease,Kümmel-Syndrom,,,,A00.radlex
RID4676,radlex,orbital wall fracture,Orbitawandfraktur,,blowout fracture|lamina papyracea fracture,,A00.radlex
RID4679,radlex,occipital condyle fracture,Okzipitale Kondylenfraktur,,,,A00.radlex
RID4694,radlex,Segond fracture,Segond Fraktur,,,,A00.radlex
RID4696,radlex,teardrop fracture,Teardrop Fraktur,,tear drop fracture,,A00.radlex
RID4698,radlex,transchondral fracture,Transchondrale Fraktur,,,,A00.radlex
RID4700,radlex,hemorrhage,Hämorrhagie,,bleeding,,A00.radlex
RID4704,radlex,lipohemarthrosis,Lipohämarthros,,,,A00.radlex
RID4705,radlex,hematoma,Hämatom,,,,A00.radlex
RID4706,radlex,subdural hematoma,Subdurales Hämatom,,SDH,,A00.radlex
RID4708,radlex,epidural hematoma,Epidurales Hämatom,,,Epiduralhämatom,A00.radlex
RID4709,radlex,pulmonary hemorrhage,Pulmonale Hämorrhagie,,,,A00.radlex
RID4713,radlex,rupture,Ruptur,,,,A00.radlex
RID4714,radlex,tear,Riss,,,,A00.radlex
RID4716,radlex,annular tear,Faserriss,,,,A00.radlex
RID4725,radlex,bucket-handle tear,Korbhenkelriss,,bucket handle tear|bucket-handle tear of meniscus,,A00.radlex
RID4730,radlex,Mallory-Weiss tear,Mallory-Weiss Riss,,,,A00.radlex
RID4741,radlex,compression,Kompression,,,,A00.radlex
RID4743,radlex,dilation,Dilatation,,dilatation|ectasia,,A00.radlex
RID4746,radlex,megaureter,Megaureter,,,,A00.radlex
RID4747,radlex,Cowper syringocele,Cowper Syringozele,,,,A00.radlex
RID4748,radlex,lymphangiectasis,Lymphangiektasie,,,,A00.radlex
RID4751,radlex,displacement,Verlagerung,,,,A00.radlex
RID4753,radlex,malposition,Fehlstellung,,,,A00.radlex
RID4756,radlex,scoliosis,Skoliose,,scoli,,A00.radlex
RID4759,radlex,kyphosis,Kyphose,,,,A00.radlex
RID4761,radlex,lordosis,Lordose,,,,A00.radlex
RID4764,radlex,dehiscence,Dehiszenz,,,,A00.radlex
RID4768,radlex,valgus deformity,Valgus Deformität,,,,A00.radlex
RID4769,radlex,varus deformity,Varus Deformität,,,,A00.radlex
RID4770,radlex,dislocation,Dislokation,,,,A00.radlex
RID4774,radlex,dissociation,Dissoziation,,,,A00.radlex
RID4775,radlex,perched facet,Aufsitzende Facette,,,,A00.radlex
RID4776,radlex,jumped facet,Blockierte Facette,,locked facet,,A00.radlex
RID4778,radlex,subluxation,Subluxation,,,,A00.radlex
RID4779,radlex,rotatory subluxation,Rotatorische Subluxation,,rotary subluxation,,A00.radlex
RID4780,radlex,spondylolisthesis,Spondylolisthesis,,,,A00.radlex
RID4781,radlex,slipped capital femoral epiphysis,Epiphysiolyse,,slipped upper femoral epiphysis,,A00.radlex
RID4783,radlex,negative ulnar variance,Ulnarminusvariante,,,,A00.radlex
RID4784,radlex,positive ulnar variance,Ulnarplusvariante,,,,A00.radlex
RID4785,radlex,high scapula,Sprengeldeformität,,Sprengel deformity,,A00.radlex
RID4786,radlex,volvulus,Volvulus,,,,A00.radlex
RID4788,radlex,cystocele,Zystozele,,bladder prolapse|fallen bladder|prolapsed bladder,,A00.radlex
RID4789,radlex,rectocele,Rektozele,,,,A00.radlex
RID4794,radlex,parachute mitral valve,Regenschirmklappe,,parachute valve,,A00.radlex
RID4796,radlex,wandering spleen,Wandermilz,,,,A00.radlex
RID4799,radlex,emphysema,Emphysem,,,,A00.radlex
RID4800,radlex,pneumocephalus,Pneumozephalus,,airocele,,A00.radlex
RID4802,radlex,pneumatosis cystoides intestinalis,Pneumatosis intestinalis,,,,A00.radlex
RID4803,radlex,pneumoperitoneum,Pneumoperitoneum,,,,A00.radlex
RID4807,radlex,meniscal fragment,Meniskusfragment,,,,A00.radlex
RID4812,radlex,malrotation,Fehlrotation,,,,A00.radlex
RID4815,radlex,pylorospasm,Pylorusspasmus,,,,A00.radlex
RID4816,radlex,torticollis,Schiefhals,,,Torticollis,A00.radlex
RID4817,radlex,diverticulum,Divertikel,,,,A00.radlex
RID4819,radlex,pharyngeal pouch,Schlundtasche,,Zenker diverticulum|branchial pouch|pharyngeal diverticulum|pharyngoesophageal diverticulum,Zenker-Divertikel,A00.radlex
RID4821,radlex,laryngocele,Laryngozele,,,,A00.radlex
RID4823,radlex,lateral cervical esophageal pouch,Laterale zervikale Ösophagustasche,,Killian-Jamieson diverticulum|proximal lateral cervical diverticulum,,A00.radlex
RID4824,radlex,periureteric diverticulum,Hutch-Divertikel,,Hutch diverticulum,,A00.radlex
RID4825,radlex,embolism,Embolie,,embol|embolus,,A00.radlex
RID4834,radlex,pulmonary embolism,Lungenembolie,,PE|pulmonary embolus,,A00.radlex
RID4836,radlex,septic embolism,Septische Embolie,,,,A00.radlex
RID4837,radlex,thromboembolism,Thromboembolie,,,,A00.radlex
RID4843,radlex,fistula,Fistel,,sinus tract,,A00.radlex
RID4844,radlex,rectovesical fistula,Retrovesikale Fistel,,,,A00.radlex
RID4845,radlex,colovesical fistula,Kolovesikale Fistel,,colovesicular fistula,,A00.radlex
RID4846,radlex,rectovaginal fistula,Rektovesikale Fistel,,,,A00.radlex
RID4847,radlex,perianal fistula,Perianale Fistel,,,,A00.radlex
RID4848,radlex,enterovesical fistula,Enterovesikale Fistel,,vesicoenteric fistula,,A00.radlex
RID4849,radlex,enterocutaneous fistula,Enterokutane Fistel,,,,A00.radlex
RID4850,radlex,enteroenteric fistula,enteroenterale Fistel,,entero-enteric fistula,,A00.radlex
RID4851,radlex,arteriovenous fistula,arteriovenöse Fistel,,A-V fistula|AV fistula|AVF|arterio-venous fistula|arterovenous fistula,,A00.radlex
RID4854,radlex,carotid cavernous fistula,Carotis-Sinus-cavernosus-Fistel,,CC fistula|carotid-cavernous fistula,,A00.radlex
RID4856,radlex,spinal dural arteriovenous fistula,Spinale arteriovenöse Durafistel,,SDAVF,Spinale AV-Durafistel,A00.radlex
RID4858,radlex,perilymphatic fistula,Perilymphatische Fistel,,perilymph fistula,,A00.radlex
RID4859,radlex,tracheoesophageal fistula,Tracheoösophageale Fistel,,,,A00.radlex
RID4860,radlex,bronchoesophageal fistula,Bronchoösophageale Fistel,,,,A00.radlex
RID4863,radlex,congestion,Stauung,,venous congestion,,A00.radlex
RID4865,radlex,edema,Ödem,,,,A00.radlex
RID4866,radlex,pulmonary edema,Lungenödem,,,,A00.radlex
RID4872,radlex,effusion,Erguss,,,,A00.radlex
RID4873,radlex,hyperemia,Hyperämie,,,,A00.radlex
RID4881,radlex,cerebrospinal fluid leak,Liquorleck,,CSF leak,,A00.radlex
RID4884,radlex,abnormal accumulation of fluid,Abnormale Flüssigkeitsansammlung,,collection of fluid,,A00.radlex
RID4885,radlex,hydrocephalus,Hydrozephalus,,,,A00.radlex
RID4886,radlex,communicating hydrocephalus,Kommunizierender Hydrozephalus,,,,A00.radlex
RID4895,radlex,hernia,Hernie,,herniation,,A00.radlex
RID4897,radlex,hiatal hernia,Hiatushernie,,,,A00.radlex
RID4898,radlex,sliding hiatal hernia,Hiatusgleithernie,,,,A00.radlex
RID4899,radlex,paraesophageal hernia,Paraösophageale Hernie,,,,A00.radlex
RID4900,radlex,internal abdominal hernia,Innere abdominelle Hernie,,internal hernia,,A00.radlex
RID4902,radlex,paraduodenal hernia,Paraduodenale Hernie,,mesocolic hernia,,A00.radlex
RID4905,radlex,lesser sac hernia,Lesser-Sac Hernie,,,,A00.radlex
RID4906,radlex,foramen of Winslow hernia,Omentale Hernie,,,,A00.radlex
RID4907,radlex,intersigmoid hernia,Intersigmoidale Hernie,,,,A00.radlex
RID4908,radlex,transmesosigmoid hernia,Transsigmoidale Hernie,,,,A00.radlex
RID4909,radlex,intramesosigmoid hernia,Intramesosigmoidale Hernie,,,,A00.radlex
RID4910,radlex,transmesenteric hernia,transmeseteriale Hernie,,,,A00.radlex
RID4911,radlex,transomental hernia,Transomentale Hernie,,,,A00.radlex
RID4914,radlex,abdominal wall hernia,Bauchwandhernie,,,,A00.radlex
RID4915,radlex,umbilical hernia,Nabelhernie,,,,A00.radlex
RID4916,radlex,Richter hernia,Darmwandhernie,,,,A00.radlex
RID4917,radlex,ventral hernia,Ventrale Hernie,,,,A00.radlex
RID4921,radlex,inferior lumbar triangle hernia,Petit Hernie,,Petit triangle hernia,,A00.radlex
RID4923,radlex,superior lumbar triangle hernia,Grynfelt Hernie,,Grynfeltt hernia,,A00.radlex
RID4926,radlex,inguinal hernia,Leistenhernie,,,,A00.radlex
RID4929,radlex,Littre hernia,Littre Hernie,,,,A00.radlex
RID4930,radlex,femoral hernia,Femoralhernie,,,,A00.radlex
RID4931,radlex,obturator hernia,Obturatorhernie,,,,A00.radlex
RID4932,radlex,sciatic hernia,Hernia ischiadica,,,,A00.radlex
RID4933,radlex,perineal hernia,Perineale Hernie,,,,A00.radlex
RID4934,radlex,diaphragmatic hernia,Zwerchfellhernie,,transdiaphragmatic herniation of abdominal contents,,A00.radlex
RID4938,radlex,hernia through foramen of Morgagni,Hernie durch Foramen Morgagni,,Morgagni hernia,,A00.radlex
RID4939,radlex,intravertebral herniation,Intravertebrale Hernierung,,Schmorl node|intravertebral disc herniation,Intravertebraler Bandscheibenvorfall,A00.radlex
RID4941,radlex,pregnancy,Schwangerschaft,,,,A00.radlex
RID4942,radlex,ectopic pregnancy,Ektope Schwangerschaft,,,,A00.radlex
RID4943,radlex,intussusception,Invagination,,,,A00.radlex
RID4944,radlex,perforation,Perforation,,,,A00.radlex
RID4945,radlex,spontaneous esophageal perforation,Spontane Ösophagusperforation,,Boerhaave syndrome,,A00.radlex
RID4948,radlex,cerebral herniation,Zerebrale Hernierung,,,Zerebrale Herniation,A00.radlex
RID4949,radlex,subfalcine herniation,Subfalzine Hernierung,,cingulate herniation,Subfalzine Herniation,A00.radlex
RID4950,radlex,uncal herniation,Unkale Hernierung,,,Unkale Herniation,A00.radlex
RID49502,radlex,clinically significant prostate cancer,klinisch signifikanter Prostatakrebs,,intermediate high risk prostate cancer,,A00.radlex
RID4951,radlex,transtentorial herniation,Transtentorielle Hernierung,,,Transtentorielle Herniation,A00.radlex
RID49518,radlex,prostatic intraepithelial neoplasia,intraepitheliale Neoplasie der Prostata,,prostate intraepithelial neoplasia,PIN,A00.radlex
RID49519,radlex,high grade prostatic intraepithelial neoplasia,hochgradige intraepitheliale Neoplasie der Prostata,,high grade PIN|high grade intraepithelial neoplasia of prostate,,A00.radlex
RID4952,radlex,tension pneumo-orbit,Intraorbitaler Druck,,,,A00.radlex
RID49520,radlex,low grade prostatic intraepithelial neoplasia,geringgradige intraepitheliale Neoplasie der Prostata,,Grade 1 PIN|grade 1 prostatic intraepithelial neoplasia|low grade PIN,,A00.radlex
RID49521,radlex,atypical small acinar proliferation,atypische mikroazinäre Proliferation,,atypical small acinar proliferation of uncertain significance,,A00.radlex
RID49525,radlex,hypertrophy of median lobe of prostate,Hypertrophie des Lobus medius der Prostata,,,,A00.radlex
RID4954,radlex,ocular hypotony,Okuläre Hypotonie,,,,A00.radlex
RID4955,radlex,pseudotumor cerebri,Pseudotumor cerebri,,benign intracranial hypertension|idiopathic benign intracranial hypertension|idiopathic intracranial hypertension,,A00.radlex
RID4958,radlex,intracranial hypotension,Intrakranielle Hypotension,,,,A00.radlex
RID4959,radlex,vacuum phenomenon,Vakuum Phänomen,,,,A00.radlex
RID4961,radlex,cavernous transformation,Kavernöse Transformation,,,,A00.radlex
RID4962,radlex,obstruction,Obstruktion,,blockage|occlusion,,A00.radlex
RID4965,radlex,gallstone ileus,Gallensteinileus,,,,A00.radlex
RID4967,radlex,gastric outlet obstruction,Magenausgangstenose,,,,A00.radlex
RID49699,radlex,post-therapy skin thickening and trabecular thickening,Hautverdickung und Trabekelverdickung nach der Therapie,,,,A00.radlex
RID4970,radlex,cardiac shunt,Herzshunt,,,,A00.radlex
RID4974,radlex,persistent fetal circulation,Persistierende fetale Zirkulation,,,,A00.radlex
RID4985,radlex,enterolith,Kotstein,,,,A00.radlex
RID4987,radlex,coprolith,Koprolith,,fecalith|fecolith,,A00.radlex
RID4988,radlex,appendicolith,Appendikolith,,,,A00.radlex
RID4990,radlex,gallstone in gallbladder,Gallenblasestein,,cholelithiasis,,A00.radlex
RID4992,radlex,gallstone in bile duct,Gallengangstein,,choledocholithiasis,,A00.radlex
RID4994,radlex,calculus,Kalkulus,,stone,,A00.radlex
RID4996,radlex,urolithiasis,Urolithiasis,,urinary tract calculus,,A00.radlex
RID5010,radlex,sialolithiasis,Sialolithiasis,,salivary gland stone,,A00.radlex
RID5014,radlex,impaction,Impaktion,,,,A00.radlex
RID5016,radlex,stenosis,Stenose,,narrowing,,A00.radlex
RID5020,radlex,middle aortic syndrome,Middle-Aortic-Syndrome,,MAS,,A00.radlex
RID5025,radlex,antral mucosal diaphragm,Antrummembran,,,,A00.radlex
RID5026,radlex,lower esophageal ring,Unterer Ösophagusring,,,,A00.radlex
RID5028,radlex,spinal stenosis,Spinalkanalstenose,,,,A00.radlex
RID5035,radlex,hypertrophic pyloric stenosis,Hypertrophische Pylorusstenose,,HPS,,A00.radlex
RID5038,radlex,ulcer,Ulkus,,,,A00.radlex
RID5040,radlex,solitary rectal ulcer syndrome,Solitäres Rektumulkussyndrom,,,,A00.radlex
RID5041,radlex,mucosal erosion,Mukosaerosion,,superficial ulcer,,A00.radlex
RID5046,radlex,atrophy,Atrophie,,,,A00.radlex
RID5047,radlex,porencephaly,Porenzephalie,,,,A00.radlex
RID5055,radlex,disorder of brain,Enzephalopathie,,encephalopathy,,A00.radlex
RID5068,radlex,musculoskeletal degeneration,Muskuloskeletale Degeneration,,,,A00.radlex
RID5073,radlex,enthesopathy,Enthesopathie,,,,A00.radlex
RID5076,radlex,osteophyte,Osteophyt,,spur,,A00.radlex
RID5082,radlex,periosteal reaction,Periost Reaktion,,periostitis,,A00.radlex
RID5084,radlex,rhabdomyolysis,Rhabdomyolyse,,,,A00.radlex
RID5085,radlex,spine degeneration,Wirbelsäulendegeneration,,,,A00.radlex
RID5086,radlex,intervertebral disc degeneration,Bandscheibendegeneration,,degeneration of intervertebral disc|degenerative disc disease|degenerative disk disease,,A00.radlex
RID5090,radlex,disc herniation,Bandscheibenhernierung,,,,A00.radlex
RID5109,radlex,endplate marrow change,Endplattenmarkveränderungen,,,,A00.radlex
RID5116,radlex,spondylitis,Spondylitis,,,,A00.radlex
RID5117,radlex,discal displacement,Bandscheibenverlagerung,,,,A00.radlex
RID5118,radlex,discogenic change,Diskogene Veränderungen,,,,A00.radlex
RID5119,radlex,syndesmophyte,Syndesmophyt,,,,A00.radlex
RID5120,radlex,spondylolysis,Spondylolyse,,,,A00.radlex
RID5121,radlex,spondylosis deformans,Spondylosis deformans,,spondylosis,,A00.radlex
RID5123,radlex,tendinosis,Tendinose,,chronic tendinitis|chronic tendinopathy|chronic tendon injury|chronic tendonitis|tendonosis,,A00.radlex
RID5125,radlex,neurodegenerative disease,Neurodegenerative Erkrankung,,,,A00.radlex
RID5136,radlex,dementia,Demenz,,,,A00.radlex
RID5150,radlex,Fahr syndrome,Fahr Syndrom,,Fahr disease|idiopathic basal ganglia calcification,,A00.radlex
RID5153,radlex,hereditary cerebellar atrophy,Hereditäre zerebelläre Atrophie,,,,A00.radlex
RID5154,radlex,Huntington chorea,Chorea Huntington,,Huntington disease,,A00.radlex
RID5158,radlex,multiple system atrophy,Multiple Systematrophie,,Shy-Drager disease|multisystem atrophy,,A00.radlex
RID5171,radlex,necrosis,Nekrose,,,,A00.radlex
RID5172,radlex,infarction,Infarkt,,infarct|ischemic necrosis,,A00.radlex
RID5175,radlex,infarction of spleen,Milzinfarkt,,,,A00.radlex
RID5178,radlex,stroke,Schlaganfall,,cerebrovascular accident|infarction of brain,,A00.radlex
RID5180,radlex,osteonecrosis,Osteonekrose,,,,A00.radlex
RID5182,radlex,Kienbock disease,Morbus Kienböck,,,Lunatummalazie,A00.radlex
RID5183,radlex,Panner disease,Morbus Panner,,,,A00.radlex
RID5185,radlex,Sinding-Larsen-Johansson disease,Morbus Sinding-Larsen-Johansson,,,,A00.radlex
RID5186,radlex,papillary necrosis,Papilläre Nekrose,,,,A00.radlex
RID5188,radlex,amyloid deposition,Amyloidablagerung,,amyloidosis,,A00.radlex
RID5196,radlex,calcification,Kalzifikation,,,,A00.radlex
RID5198,radlex,porcelain gallbladder,Porzellangallenblase,,,,A00.radlex
RID5202,radlex,tumoral calcinosis,Tumorkalzinose,,,,A00.radlex
RID5223,radlex,ossification,Ossifikation,,,,A00.radlex
RID5228,radlex,osteosclerosis,Osteosklerose,,,,A00.radlex
RID5231,radlex,metastasis,Metastasierung,,,,A00.radlex
RID5238,radlex,motor dysfunction,Motorische Dysfunktion,,motility disorder|motion abnormality,,A00.radlex
RID5242,radlex,bowel dyskinesia,Dyskinesie des Darmes,,,,A00.radlex
RID5243,radlex,bowel motility disorder,Motilitätsstörung des Darmes,,,,A00.radlex
RID5250,radlex,functional disorder of colon,Funktionelle Erkrankung des Kolons,,,,A00.radlex
RID5257,radlex,intestinal pseudo-obstruction,Intestinale Pseudo-Obstruktion,,,,A00.radlex
RID5258,radlex,presbyesophagus,Presbyösophagus,,,,A00.radlex
RID5264,radlex,upper gastrointestinal tract disorder,Erkrankung des oberen Gastrointestinaltraktes,,upper GI tract disorder,,A00.radlex
RID5266,radlex,dysphagia,Dysphagie,,,,A00.radlex
RID5267,radlex,pharyngeal dysphagia,Pharyngeale Dysphagie,,,,A00.radlex
RID5269,radlex,familial dysautonomia,Familiäre Dysautonomie,,Riley-Day syndrome,,A00.radlex
RID5271,radlex,columnar epithelium lined lower esophagus,Barrett Ösophagus,,Barrett esophagus|columnar epithelium lined lower oesophagus,,A00.radlex
RID5273,radlex,intestinal disorder,Intestinale Erkrankung,,enteropathy,,A00.radlex
RID5277,radlex,celiac disease,Sprue,,celiac sprue|gluten-sensitive enteropathy|nontropical sprue,,A00.radlex
RID5281,radlex,Whipple disease,Morbus Whipple,,,,A00.radlex
RID5290,radlex,fibrosing colonopathy,Fibrosierende Kolopathie,,,,A00.radlex
RID5294,radlex,loin pain hematuria syndrome,Flankenschmerz-Hämaturie-Syndrom,,nutcracker syndrome,,A00.radlex
RID5296,radlex,hereditary nephritis,Alport Syndrom,,Alport syndrome,,A00.radlex
RID5297,radlex,bladder disorder,Harnblasenerkrankung,,,,A00.radlex
RID5298,radlex,neurogenic bladder disease,Neurogene Harnblasenerkrankung,,neurogenic bladder,,A00.radlex
RID5303,radlex,kidney disorder,Nierenerkrankung,,,,A00.radlex
RID5304,radlex,renal parenchymal disease,Nierenparenchymerkrankung,,medical renal disease|nephropathy,,A00.radlex
RID5310,radlex,proteinuria,Proteinurie,,,,A00.radlex
RID5311,radlex,acute tubular necrosis,Akute tubuläre Nekrose,,,,A00.radlex
RID5316,radlex,respiratory disorder,Lungenerkrankung,,disorder of respiratory system,,A00.radlex
RID5317,radlex,chronic obstructive pulmonary disease,Chronisch obstruktive Lungenerkrankung,,,,A00.radlex
RID5319,radlex,adult respiratory distress syndrome,Adult Respiratory Distress Syndrom,,ARDS,,A00.radlex
RID5327,radlex,asthma,Asthma,,,,A00.radlex
RID5335,radlex,cryptogenic organizing pneumonia,Kryptogene organisierende Pneumonie,,bronchiolitis obliterans organizing pneumonia,,A00.radlex
RID5339,radlex,respiratory broncholitis associated interstitial lung disease,Respiratorische Bronchiolitis mit interstitieller Pneumonie,,RB-ILD|respiratory bronchiolitis-interstitial lung disease|respiratory broncholitis|respiratory broncholitis-associated interstitial lung disease,,A00.radlex
RID5343,radlex,pneumoconiosis,Pneumokoniose,,,,A00.radlex
RID5346,radlex,asbestosis,Asbestose,,,,A00.radlex
RID5350,radlex,pneumonia,Pneumonie,,,,A00.radlex
RID5352,radlex,pneumothorax,Pneumothorax,,pneumo,,A00.radlex
RID5355,radlex,integument disorder,Hauterkrankung,,skin disorder,,A00.radlex
RID5357,radlex,wart,Warze,,,,A00.radlex
RID5361,radlex,bone disorder,Muskuloskeletale Erkrankung,,disorder of bone,,A00.radlex
RID5365,radlex,Hill-Sachs deformity,Hill Sachs Läsion,,,,A00.radlex
RID5366,radlex,incomplete femoral head coverage,unvollständiger Sitz des Femurkopfes im Acetabulum,,,,A00.radlex
RID5370,radlex,Freiberg infraction,Köhler-Freiberg-Krankheit,,Freiberg disease,Morbus Freiberg|Morbus Köhler II,A00.radlex
RID5371,radlex,Köhler disease,Morbus Köhler,,Koehler disease|Kohler disease,,A00.radlex
RID5372,radlex,avascular necrosis of capital femoral epiphysis,Legg-Calve-Perthes Krankheit,,Legg-Calve-Perthes disease|Perthes disease|pseudocoxalgia,,A00.radlex
RID5377,radlex,Osgood-Schlatter disease,Morbus Osgood-Schlatter,,OSD,,A00.radlex
RID5378,radlex,Scheuermann disease,Morbus Scheuermann,,,,A00.radlex
RID5379,radlex,Sever disease,Morbus Sever,,,,A00.radlex
RID5388,radlex,osteopenia,Osteopenie,,,,A00.radlex
RID5391,radlex,osteomalacia,Osteomalazie,,,,A00.radlex
RID5392,radlex,osteopetrosis,Osteopetrose,,,,A00.radlex
RID5393,radlex,joint disorder,Gelenkerkrankung,,arth|arthropathy,,A00.radlex
RID5403,radlex,skull shape disorder,Veränderung der Schädelform,,,,A00.radlex
RID6346,radlex,intraarticular fracture,intraartikuläre Fraktur,,intra-articular fracture,,A00.radlex
